date,insurance_faucet_isk
2015-04-30,81116504876
2015-05-01,93604596920
2015-05-02,117141875304
2015-05-03,134908742797
2015-05-04,81604990093
2015-05-05,86917581027
2015-05-06,76169584448
2015-05-07,63867671742
2015-05-08,103521394292
2015-05-09,128952892746
2015-05-10,97129563650
2015-05-11,110754813570
2015-05-12,150353877498
2015-05-13,104304386207
2015-05-14,70810296416
2015-05-15,109450617912
2015-05-16,92304813675
2015-05-17,114386264708
2015-05-18,133353928222
2015-05-19,110192804438
2015-05-20,107489291444
2015-05-21,71413926247
2015-05-22,113502280466
2015-05-23,128537665535
2015-05-24,134386841864
2015-05-25,85822849139
2015-05-26,117031511106
2015-05-27,92368385965
2015-05-28,64732136570
2015-05-29,79476779433
2015-05-30,128977926665
2015-05-31,171493794626
2015-06-01,69300375813
2015-06-02,93637321428
2015-06-03,87422630583
2015-06-04,74920358740
2015-06-05,92439479993
2015-06-06,164965183592
2015-06-07,139476655701
2015-06-08,89668663426
2015-06-09,78656803590
2015-06-10,102085368589
2015-06-11,72624625233
2015-06-12,96795943794
2015-06-13,136817336365
2015-06-14,147977667892
2015-06-15,81473704349
2015-06-16,94182546376
2015-06-17,90720065583
2015-06-18,71919642578
2015-06-19,88392993930
2015-06-20,152744473534
2015-06-21,135949801145
2015-06-22,77346362578
2015-06-23,89740826255
2015-06-24,90549761374
2015-06-25,74104765568
2015-06-26,122111543304
2015-06-27,180736552261
2015-06-28,84367392682
2015-06-29,72083027731
2015-06-30,66936579795
2015-07-01,65276875680
2015-07-02,93339304533
2015-07-03,92594305775
2015-07-04,96826030723
2015-07-05,104662131173
2015-07-06,116774526766
2015-07-07,74746056498
2015-07-08,58700470552
2015-07-09,71118716035
2015-07-10,79427308004
2015-07-11,94474556993
2015-07-12,151353513437
2015-07-13,68559867189
2015-07-14,56655183471
2015-07-15,29366923476
2015-07-16,79790869414
2015-07-17,99399422827
2015-07-18,83356833568
2015-07-19,112298216135
2015-07-20,68457448812
2015-07-21,65033127169
2015-07-22,98231115483
2015-07-23,68141690075
2015-07-24,104127192553
2015-07-25,144994591287
2015-07-26,122075056308
2015-07-27,89446195460
2015-07-28,78347108242
2015-07-29,78157063346
2015-07-30,78428643421
2015-07-31,79287716879
2015-08-01,122996968719
2015-08-02,116404850692
2015-08-03,79272867247
2015-08-04,88567405660
2015-08-05,88440101067
2015-08-06,58781227201
2015-08-07,70215814022
2015-08-08,107996371728
2015-08-09,94391449852
2015-08-10,74741262863
2015-08-11,76527245909
2015-08-12,94689699148
2015-08-13,73047005009
2015-08-14,94784082123
2015-08-15,138616625516
2015-08-16,117881102474
2015-08-17,69429136128
2015-08-18,77725017466
2015-08-19,79667649627
2015-08-20,66410490591
2015-08-21,79550823018
2015-08-22,62555148714
2015-08-23,134078948442
2015-08-24,95338365391
2015-08-25,79963231797
2015-08-26,112769333712
2015-08-27,62142572384
2015-08-28,125308024960
2015-08-29,110552006898
2015-08-30,139998738797
2015-08-31,72895710893
2015-09-01,73744271492
2015-09-02,77297179956
2015-09-03,58745166126
2015-09-04,67188479488
2015-09-05,99148433820
2015-09-06,86286625327
2015-09-07,76234413748
2015-09-08,53010948294
2015-09-09,82693791364
2015-09-10,63915828221
2015-09-11,66862644316
2015-09-12,114262835830
2015-09-13,103961105115
2015-09-14,70493682554
2015-09-15,61599564458
2015-09-16,94223211658
2015-09-17,74830926085
2015-09-18,66121160872
2015-09-19,148129844390
2015-09-20,118041148572
2015-09-21,76697825746
2015-09-22,85072137831
2015-09-23,58549112200
2015-09-24,51749118988
2015-09-25,76807910032
2015-09-26,148220704487
2015-09-27,111596358300
2015-09-28,82510045753
2015-09-29,55851440118
2015-09-30,80628161234
2015-10-01,53781960682
2015-10-02,81143483005
2015-10-03,88737017079
2015-10-04,124328550971
2015-10-05,62604886906
2015-10-06,66999424174
2015-10-07,66767883122
2015-10-08,95130141989
2015-10-09,91651396919
2015-10-10,102423172011
2015-10-11,84747202562
2015-10-12,208408491636
2015-10-13,59093330200
2015-10-14,99888727741
2015-10-15,53272280054
2015-10-16,90574148210
2015-10-17,168280347972
2015-10-18,107256125762
2015-10-19,75991405686
2015-10-20,76750353326
2015-10-21,63913627201
2015-10-22,89804858430
2015-10-23,95366843567
2015-10-24,101371728663
2015-10-25,103341409388
2015-10-26,70678412015
2015-10-27,108459509191
2015-10-28,100239248286
2015-10-29,53952614288
2015-10-30,72497086269
2015-10-31,144114927762
2015-11-01,126218347317
2015-11-02,79060769562
2015-11-03,54186782413
2015-11-04,80217650364
2015-11-05,59790904435
2015-11-06,71632425354
2015-11-07,108767810481
2015-11-08,118248389602
2015-11-09,81875754707
2015-11-10,70264143112
2015-11-11,118210968204
2015-11-12,92957985347
2015-11-13,102899297124
2015-11-14,140119940062
2015-11-15,127941655520
2015-11-16,92105913221
2015-11-17,59931394227
2015-11-18,59942653468
2015-11-19,40856724230
2015-11-20,54545163299
2015-11-21,95998506176
2015-11-22,94660490969
2015-11-23,84843533827
2015-11-24,48414630039
2015-11-25,64926867544
2015-11-26,53526898255
2015-11-27,69775086178
2015-11-28,109797452082
2015-11-29,130518907092
2015-11-30,46519186641
2015-12-01,77557135800
2015-12-02,86506916424
2015-12-03,99812872245
2015-12-04,92662904344
2015-12-05,133760411963
2015-12-06,106856865800
2015-12-07,122377840196
2015-12-08,90114214110
2015-12-09,73331367251
2015-12-10,69626743010
2015-12-11,76482677950
2015-12-12,104766117259
2015-12-13,166068240911
2015-12-14,77429713737
2015-12-15,72860603467
2015-12-16,71750236956
2015-12-17,117088166907
2015-12-18,57447917213
2015-12-19,111067991796
2015-12-20,110009246469
2015-12-21,61840146109
2015-12-22,87241755295
2015-12-23,102812184722
2015-12-24,71418771692
2015-12-25,86974182654
2015-12-26,140242258136
2015-12-27,105949553322
2015-12-28,104315880655
2015-12-29,151224992327
2015-12-30,123642073114
2015-12-31,62675221555
2016-01-01,107371263089
2016-01-02,113145084219
2016-01-03,156091480189
2016-01-04,92421914524
2016-01-05,95393380770
2016-01-06,95181068280
2016-01-07,80181344551
2016-01-08,133386081093
2016-01-09,144874299623
2016-01-10,180887822054
2016-01-11,84973128011
2016-01-12,91075894771
2016-01-13,123619230008
2016-01-14,85733021685
2016-01-15,81431617694
2016-01-16,118058167320
2016-01-17,141361314715
2016-01-18,199651514572
2016-01-19,79552599943
2016-01-20,96118706472
2016-01-21,71437907909
2016-01-22,122971596869
2016-01-23,128990019336
2016-01-24,116141309494
2016-01-25,81709852204
2016-01-26,91824487025
2016-01-27,80892162421
2016-01-28,114201214614
2016-01-29,86974709450
2016-01-30,145050027989
2016-01-31,150508083782
2016-02-01,72326539057
2016-02-02,78577610938
2016-02-03,108774286250
2016-02-04,80735675566
2016-02-05,98153867704
2016-02-06,154885250947
2016-02-07,112621925566
2016-02-08,67312873793
2016-02-09,147810425075
2016-02-10,33945469661
2016-02-11,76929301118
2016-02-12,86295751436
2016-02-13,161464057484
2016-02-14,132046901821
2016-02-15,80067458703
2016-02-16,118696041632
2016-02-17,79723872838
2016-02-18,83498600892
2016-02-19,94879461220
2016-02-20,99977216108
2016-02-21,112763355626
2016-02-22,76085830775
2016-02-23,98232396393
2016-02-24,100304107626
2016-02-25,102699175171
2016-02-26,85796101603
2016-02-27,126072911991
2016-02-28,131910247996
2016-02-29,32325565870
2016-03-01,93501936230
2016-03-02,85299423755
2016-03-03,122982837823
2016-03-04,72648636030
2016-03-05,111671456158
2016-03-06,162132742304
2016-03-07,87699827126
2016-03-08,91598077440
2016-03-09,161339260665
2016-03-10,88933692629
2016-03-11,124185348919
2016-03-12,124025519567
2016-03-13,142860495229
2016-03-14,87963562012
2016-03-15,89390800357
2016-03-16,78288279455
2016-03-17,71637999072
2016-03-18,88408024073
2016-03-19,121603567135
2016-03-20,125486786493
2016-03-21,124949424570
2016-03-22,89591645252
2016-03-23,96318484107
2016-03-24,93555540497
2016-03-25,111836813254
2016-03-26,180332412729
2016-03-27,143678090693
2016-03-28,130586189792
2016-03-29,89526032635
2016-03-30,132743304572
2016-03-31,110589230408
2016-04-01,127687327134
2016-04-02,161627688043
2016-04-03,184336837194
2016-04-04,155387388962
2016-04-05,145321770560
2016-04-06,132548763698
2016-04-07,99197080232
2016-04-08,134316447382
2016-04-09,132258595513
2016-04-10,179212376923
2016-04-11,181561885243
2016-04-12,132187020323
2016-04-13,141746640940
2016-04-14,150980739343
2016-04-15,167647312033
2016-04-16,211791986065
2016-04-17,187562297851
2016-04-18,103271330457
2016-04-19,152440176078
2016-04-20,102228425662
2016-04-21,124669820250
2016-04-22,105840457395
2016-04-23,109567145854
2016-04-24,186205753459
2016-04-25,137477227014
2016-04-26,190609294177
2016-04-27,288613833169
2016-04-28,114184223052
2016-04-29,105142576022
2016-04-30,150108371265
2016-05-01,145080514545
2016-05-02,110207271463
2016-05-03,114402776446
2016-05-04,98209701379
2016-05-05,124086488592
2016-05-06,120602772436
2016-05-07,149478902080
2016-05-08,132914752873
2016-05-09,105342282313
2016-05-10,82177539261
2016-05-11,123908238612
2016-05-12,60396230287
2016-05-13,87905585187
2016-05-14,141605536015
2016-05-15,138982201047
2016-05-16,133881353098
2016-05-17,119986055056
2016-05-18,85675896656
2016-05-19,67837154008
2016-05-20,114026584155
2016-05-21,149399058715
2016-05-22,160534440880
2016-05-23,222849839927
2016-05-24,67857032706
2016-05-25,105948243946
2016-05-26,106447708618
2016-05-27,123248399201
2016-05-28,101847484852
2016-05-29,234011992579
2016-05-30,85702322789
2016-05-31,78817194656
2016-06-01,67364767388
2016-06-02,76689135710
2016-06-03,71843279412
2016-06-04,137814729816
2016-06-05,128029428451
2016-06-06,118334703883
2016-06-07,114837580484
2016-06-08,69483168656
2016-06-09,57899095596
2016-06-10,81142521096
2016-06-11,103542175518
2016-06-12,155215883994
2016-06-13,70160059503
2016-06-14,148051325622
2016-06-15,55042109002
2016-06-16,85304652313
2016-06-17,84595737627
2016-06-18,118043969781
2016-06-19,201426735129
2016-06-20,63770637918
2016-06-21,65189695041
2016-06-22,85010227217
2016-06-23,89133409025
2016-06-24,80072236198
2016-06-25,179365192617
2016-06-26,109685667600
2016-06-27,61694044669
2016-06-28,65602526294
2016-06-29,58935736299
2016-06-30,122517340454
2016-07-01,206715106084
2016-07-02,121138746658
2016-07-03,114870416941
2016-07-04,88542444052
2016-07-05,95323257034
2016-07-06,163163333308
2016-07-07,67428866580
2016-07-08,46729158054
2016-07-09,131178706647
2016-07-10,106128036683
2016-07-11,88282468531
2016-07-12,58461239924
2016-07-13,55640641775
2016-07-14,85313551696
2016-07-15,98603831406
2016-07-16,127708872262
2016-07-17,148351255488
2016-07-18,89570003085
2016-07-19,104829203034
2016-07-20,62096295311
2016-07-21,91204126488
2016-07-22,108004864132
2016-07-23,103984005879
2016-07-24,122150795528
2016-07-25,101761432409
2016-07-26,82567488554
2016-07-27,89256951215
2016-07-28,70535391111
2016-07-29,103084354727
2016-07-30,107167560341
2016-07-31,138238997893
2016-08-01,77150809674
2016-08-02,62706130413
2016-08-03,54621207663
2016-08-04,78522782112
2016-08-05,78676601829
2016-08-06,120940287138
2016-08-07,98973115347
2016-08-08,93122484573
2016-08-09,93760616762
2016-08-10,89200109866
2016-08-11,77593868376
2016-08-12,118536418707
2016-08-13,150822744804
2016-08-14,146312332121
2016-08-15,115223617459
2016-08-16,58776515508
2016-08-17,66618921980
2016-08-18,104644210301
2016-08-19,72821071352
2016-08-20,334020375147
2016-08-21,90339819601
2016-08-22,94679235192
2016-08-23,96768990585
2016-08-24,67714976503
2016-08-25,85173574738
2016-08-26,95586905375
2016-08-27,89249370360
2016-08-28,116377824437
2016-08-29,85068225080
2016-08-30,80995425460
2016-08-31,90736181988
2016-09-01,68166333249
2016-09-02,94284238279
2016-09-03,143292934185
2016-09-04,139434415634
2016-09-05,99687776520
2016-09-06,87244206132
2016-09-07,78729959212
2016-09-08,56548589086
2016-09-09,77062172512
2016-09-10,98620715090
2016-09-11,151427734272
2016-09-12,78350172583
2016-09-13,61695208439
2016-09-14,84842596646
2016-09-15,78609881157
2016-09-16,125410867631
2016-09-17,88795695318
2016-09-18,134157146778
2016-09-19,69664144647
2016-09-20,102745882214
2016-09-21,67887794885
2016-09-22,77346554726
2016-09-23,77276710097
2016-09-24,119746053558
2016-09-25,153247975802
2016-09-26,80251441868
2016-09-27,42628611194
2016-09-28,82100417079
2016-09-29,61307060253
2016-09-30,71149352248
2016-10-01,104687962080
2016-10-02,128349358463
2016-10-03,47542447329
2016-10-04,116883918197
2016-10-05,115463829579
2016-10-06,79235892330
2016-10-07,60875561673
2016-10-08,108983100909
2016-10-09,136195991281
2016-10-10,137078429908
2016-10-11,62008530302
2016-10-12,121181069915
2016-10-13,133066549814
2016-10-14,69867051456
2016-10-15,88995832261
2016-10-16,129504502552
2016-10-17,127246420382
2016-10-18,81890547953
2016-10-19,77310157399
2016-10-20,61286617475
2016-10-21,58252401196
2016-10-22,131937519244
2016-10-23,109912972453
2016-10-24,89380021418
2016-10-25,57188314210
2016-10-26,73727372214
2016-10-27,49321373315
2016-10-28,81733915867
2016-10-29,101646105219
2016-10-30,103432495777
2016-10-31,69866913734
2016-11-01,53194149777
2016-11-02,68926995390
2016-11-03,83965893248
2016-11-04,86167782996
2016-11-05,110944752761
2016-11-06,115617834125
2016-11-07,100031315871
2016-11-08,54453230991
2016-11-09,48812391345
2016-11-10,70424461955
2016-11-11,55952948505
2016-11-12,168087137976
2016-11-13,163502210060
2016-11-14,61462980684
2016-11-15,95832546906
2016-11-16,65386637733
2016-11-17,90610529024
2016-11-18,59943500141
2016-11-19,124464276735
2016-11-20,138412087842
2016-11-21,148250189689
2016-11-22,57818038253
2016-11-23,75265342196
2016-11-24,164551421395
2016-11-25,138073333882
2016-11-26,118752135797
2016-11-27,115181774354
2016-11-28,77140336719
2016-11-29,88822926094
2016-11-30,90963856567
2016-12-01,75052576199
2016-12-02,91665053781
2016-12-03,114771388337
2016-12-04,146294727902
2016-12-05,162612501054
2016-12-06,154503590417
2016-12-07,174136183231
2016-12-08,104699705107
2016-12-09,60326935231
2016-12-10,138847632956
2016-12-11,178368454367
2016-12-12,87644931223
2016-12-13,54646581844
2016-12-14,91486047453
2016-12-15,121645612129
2016-12-16,74864626109
2016-12-17,141838781599
2016-12-18,68494088314
2016-12-19,125184237816
2016-12-20,138368199241
2016-12-21,90940549741
2016-12-22,138977815533
2016-12-23,137397334542
2016-12-24,161638910776
2016-12-25,144657811237
2016-12-26,60820302543
2016-12-27,79968988614
2016-12-28,81893447995
2016-12-29,101361909357
2016-12-30,125816407600
2016-12-31,90300238983
2017-01-01,16573488140
2017-01-02,210008295900
2017-01-03,97043104645
2017-01-04,97051573046
2017-01-05,62479252290
2017-01-06,95001686386
2017-01-07,118785028102
2017-01-08,303584373597
2017-01-09,87475690405
2017-01-10,85461280004
2017-01-11,145087378340
2017-01-12,75717913820
2017-01-13,81098319990
2017-01-14,222956399591
2017-01-15,123420885541
2017-01-16,156099327178
2017-01-17,96652883884
2017-01-18,83047015197
2017-01-19,69340667036
2017-01-20,88879798512
2017-01-21,122591448316
2017-01-22,123561252460
2017-01-23,103524497944
2017-01-24,76038945626
2017-01-25,91533469693
2017-01-26,100037124823
2017-01-27,107259863161
2017-01-28,180054772837
2017-01-29,157565051682
2017-01-30,99979857658
2017-01-31,71703472916
2017-02-01,90069864318
2017-02-02,147416897795
2017-02-03,83089031436
2017-02-04,166753793958
2017-02-05,214676123253
2017-02-06,59393108694
2017-02-07,111939251207
2017-02-08,100187709425
2017-02-09,94360951948
2017-02-10,116307831829
2017-02-11,156648442189
2017-02-12,158371831173
2017-02-13,107631024470
2017-02-14,51448934857
2017-02-15,80985694576
2017-02-16,84725198408
2017-02-17,68096047085
2017-02-18,224995664725
2017-02-19,107018936191
2017-02-20,96571929451
2017-02-21,131330369075
2017-02-22,168806535816
2017-02-23,259069144549
2017-02-24,219760558617
2017-02-25,409840834843
2017-02-26,167627618629
2017-02-27,99667515543
2017-02-28,48026059439
2017-03-01,218444131530
2017-03-02,44711959852
2017-03-03,144806878707
2017-03-04,294602181809
2017-03-05,96186966408
2017-03-06,110812040955
2017-03-07,67218150646
2017-03-08,138474531557
2017-03-09,78719134481
2017-03-10,91028954484
2017-03-11,62954742935
2017-03-12,265137754394
2017-03-13,150591733807
2017-03-14,28899751869
2017-03-15,83813226742
2017-03-16,109135550929
2017-03-17,132606374081
2017-03-18,177619123751
2017-03-19,132263523113
2017-03-20,33208134037
2017-03-21,81810939330
2017-03-22,68433064428
2017-03-23,58022036734
2017-03-24,133077396016
2017-03-25,171710289943
2017-03-26,139710233152
2017-03-27,69195779839
2017-03-28,46067878370
2017-03-29,93303664850
2017-03-30,74452452888
2017-03-31,65086932921
2017-04-01,58371601391
2017-04-02,102669883689
2017-04-03,39934302177
2017-04-04,191108741344
2017-04-05,35881296311
2017-04-06,78901919937
2017-04-07,115929530780
2017-04-08,155960770524
2017-04-09,162544326297
2017-04-10,104654139745
2017-04-11,73004583980
2017-04-12,63258639106
2017-04-13,85314388905
2017-04-14,81695417576
2017-04-15,107718139391
2017-04-16,107183512871
2017-04-17,81248100322
2017-04-18,74532390872
2017-04-19,32055280043
2017-04-20,67585118964
2017-04-21,94015977244
2017-04-22,71265085996
2017-04-23,196158877126
2017-04-24,77144362723
2017-04-25,59755724494
2017-04-26,67079328047
2017-04-27,65499074058
2017-04-28,127548801006
2017-04-29,101301636235
2017-04-30,99409059584
2017-05-01,168808634252
2017-05-02,77168706583
2017-05-03,95355964919
2017-05-04,95672674608
2017-05-05,83518076270
2017-05-06,112049863991
2017-05-07,110818105482
2017-05-08,62651338362
2017-05-09,67366336330
2017-05-10,69413538528
2017-05-11,42469491117
2017-05-12,81172516703
2017-05-13,103430287740
2017-05-14,107799650862
2017-05-15,43534652766
2017-05-16,102101434287
2017-05-17,60485614914
2017-05-18,60371583545
2017-05-19,90198770883
2017-05-20,118262669499
2017-05-21,184692196312
2017-05-22,77955839119
2017-05-23,37667344092
2017-05-24,24491833316
2017-05-25,109734082672
2017-05-26,63207973840
2017-05-27,87909841032
2017-05-28,104374533954
2017-05-29,78182098213
2017-05-30,31671318584
2017-05-31,45922061394
2017-06-01,218943957392
2017-06-02,87092521779
2017-06-03,90613269687
2017-06-04,84988248831
2017-06-05,85033717485
2017-06-06,51389049439
2017-06-07,60167822281
2017-06-08,28289047863
2017-06-09,34537409039
2017-06-10,135168723156
2017-06-11,93435452939
2017-06-12,101404388374
2017-06-13,176555370843
2017-06-14,83859689458
2017-06-15,68959030359
2017-06-16,69590860283
2017-06-17,112666219442
2017-06-18,118055772978
2017-06-19,35157308110
2017-06-20,94867946006
2017-06-21,198323005723
2017-06-22,45820901910
2017-06-23,57033752417
2017-06-24,138777840963
2017-06-25,245997895029
2017-06-26,66466721687
2017-06-27,33189555302
2017-06-28,87346397067
2017-06-29,37344548949
2017-06-30,19355058762
2017-07-01,102330840541
2017-07-02,92135367596
2017-07-03,71886866947
2017-07-04,44626938955
2017-07-05,61106076786
2017-07-06,57042995130
2017-07-07,81739373964
2017-07-08,82245199918
2017-07-09,128961802336
2017-07-10,77864038866
2017-07-11,96313596639
2017-07-12,95636183357
2017-07-13,44500495613
2017-07-14,125136831953
2017-07-15,147000386169
2017-07-16,109016466414
2017-07-17,47122443467
2017-07-18,126454048294
2017-07-19,85569408859
2017-07-20,54482691707
2017-07-21,49770394856
2017-07-22,52850477753
2017-07-23,85002007408
2017-07-24,232794066606
2017-07-25,140454528492
2017-07-26,69593182901
2017-07-27,127151937375
2017-07-28,37618530007
2017-07-29,198678267046
2017-07-30,72989910025
2017-07-31,55735789811
2017-08-01,106339231460
2017-08-02,36157164229
2017-08-03,59289298607
2017-08-04,54288980670
2017-08-05,80122574854
2017-08-06,69680418232
2017-08-07,53688600039
2017-08-08,34445952162
2017-08-09,59031063509
2017-08-10,116047819393
2017-08-11,71371646842
2017-08-12,76765681591
2017-08-13,149279541114
2017-08-14,10458996959
2017-08-15,15326961544
2017-08-16,83291189292
2017-08-17,55025130770
2017-08-18,93311347439
2017-08-19,258614834900
2017-08-20,372704740448
2017-08-21,176872905633
2017-08-22,62978967195
2017-08-23,92571118071
2017-08-24,29550405632
2017-08-25,59684313445
2017-08-26,134525910827
2017-08-27,8141754229
2017-08-28,21385251673
2017-08-29,68634400629
2017-08-30,-28971744314
2017-08-31,58587276324
2017-09-01,52390138058
2017-09-02,105940119803
2017-09-03,121735694593
2017-09-04,76346876867
2017-09-05,66318879170
2017-09-06,245344257994
2017-09-07,65749556951
2017-09-08,33190694243
2017-09-09,95687662028
2017-09-10,114584319655
2017-09-11,121372810693
2017-09-12,66589317915
2017-09-13,62973981292
2017-09-14,195608707223
2017-09-15,109361245442
2017-09-16,111584525453
2017-09-17,124442272743
2017-09-18,63711063454
2017-09-19,71619692022
2017-09-20,84222861002
2017-09-21,55002208386
2017-09-22,109234066590
2017-09-23,330958366899
2017-09-24,161667136880
2017-09-25,88987027846
2017-09-26,75903627737
2017-09-27,54116702740
2017-09-28,64783525226
2017-09-29,225677115710
2017-09-30,108121514531
2017-10-01,133969558180
2017-10-02,63118783840
2017-10-03,75678924943
2017-10-04,49192773556
2017-10-05,44043566024
2017-10-06,106423598980
2017-10-07,157931267603
2017-10-08,129282511558
2017-10-09,87372426748
2017-10-10,47645157668
2017-10-11,283149509670
2017-10-12,52563773765
2017-10-13,125006294648
2017-10-14,125840820067
2017-10-15,120359581868
2017-10-16,92868906022
2017-10-17,41564585879
2017-10-18,90425218411
2017-10-19,79765999917
2017-10-20,65712097324
2017-10-21,243041058545
2017-10-22,124530160708
2017-10-23,87091537363
2017-10-24,262305945074
2017-10-25,74946202634
2017-10-26,35921577792
2017-10-27,223873567642
2017-10-28,163294267838
2017-10-29,246054130930
2017-10-30,190407629828
2017-10-31,157076065638
2017-11-01,135317752510
2017-11-02,90726827015
2017-11-03,73835770734
2017-11-04,108625841000
2017-11-05,169796099870
2017-11-06,111880440445
2017-11-07,43265198197
2017-11-08,63560501594
2017-11-09,89162045448
2017-11-10,100021239261
2017-11-11,165322005338
2017-11-12,132367098948
2017-11-13,36085965535
2017-11-14,85602712740
2017-11-15,67381700738
2017-11-16,79777564994
2017-11-17,119344471249
2017-11-18,166087154430
2017-11-19,134279128442
2017-11-20,93195304872
2017-11-21,77002756480
2017-11-22,77775853356
2017-11-23,72889799008
2017-11-24,74770795504
2017-11-25,222908502115
2017-11-26,94996091364
2017-11-27,104282930474
2017-11-28,726793902
2017-11-29,61443644012
2017-11-30,80797429306
2017-12-01,120079008672
2017-12-02,138496213498
2017-12-03,111063055429
2017-12-04,-42057191870
2017-12-05,140700333267
2017-12-06,50690308235
2017-12-07,104823987190
2017-12-08,106785028943
2017-12-09,207786260317
2017-12-10,167600692963
2017-12-11,78993328820
2017-12-12,81143014718
2017-12-13,89029748447
2017-12-14,54565504999
2017-12-15,104293251744
2017-12-16,156427061531
2017-12-17,239699992214
2017-12-18,175247952001
2017-12-19,69265678739
2017-12-20,164169225744
2017-12-21,63928224037
2017-12-22,91544441780
2017-12-23,131873200254
2017-12-24,103998379951
2017-12-25,80662905660
2017-12-26,147663454021
2017-12-27,27879211838
2017-12-28,110383309328
2017-12-29,106181671113
2017-12-30,155171982602
2017-12-31,95776669671
2018-01-01,134201653181
2018-01-02,91456895703
2018-01-03,135366795567
2018-01-04,105210320860
2018-01-05,313958111614
2018-01-06,93650795041
2018-01-07,115660344689
2018-01-08,116012573270
2018-01-09,178105485691
2018-01-10,98300975198
2018-01-11,118784617685
2018-01-12,94255371257
2018-01-13,133687581389
2018-01-14,140599966887
2018-01-15,63950223940
2018-01-16,-287821638779
2018-01-17,141360767529
2018-01-18,87490788886
2018-01-19,100983119228
2018-01-20,170425200627
2018-01-21,162709404456
2018-01-22,70714679765
2018-01-23,-208465182421
2018-01-24,111583287541
2018-01-25,87297607628
2018-01-26,140143840032
2018-01-27,150739770085
2018-01-28,112394119239
2018-01-29,83534367325
2018-01-30,109728673599
2018-01-31,111708581400
2018-02-01,106928505176
2018-02-02,101842810661
2018-02-03,149547094565
2018-02-04,139688138455
2018-02-05,54643954423
2018-02-06,171788598010
2018-02-07,127453351107
2018-02-08,95742867266
2018-02-09,80831421381
2018-02-10,217434056165
2018-02-11,158795005514
2018-02-12,111347816602
2018-02-13,111072131216
2018-02-14,98064005534
2018-02-15,108259566965
2018-02-16,109026628388
2018-02-17,233991694556
2018-02-18,158136352581
2018-02-19,113234398227
2018-02-20,245161848803
2018-02-21,90234622345
2018-02-22,115890488623
2018-02-23,115803551786
2018-02-24,156643183790
2018-02-25,179399128372
2018-02-26,71125911560
2018-02-27,81389929362
2018-02-28,93603218828
2018-03-01,80696402458
2018-03-02,177021801816
2018-03-03,241091450088
2018-03-04,172877482139
2018-03-05,175127442588
2018-03-06,96857720318
2018-03-07,66742574896
2018-03-08,115156032917
2018-03-09,102280578795
2018-03-10,169039022964
2018-03-11,120005936443
2018-03-12,93679950382
2018-03-13,71902687869
2018-03-14,116824360655
2018-03-15,73918966590
2018-03-16,77334375674
2018-03-17,242248025179
2018-03-18,287654369235
2018-03-19,86584190022
2018-03-20,71416798217
2018-03-21,115683913241
2018-03-22,74163915544
2018-03-23,70508780199
2018-03-24,308680513549
2018-03-25,480499602933
2018-03-26,102779456950
2018-03-27,84037061921
2018-03-28,105328041508
2018-03-29,112372482333
2018-03-30,400809472876
2018-03-31,167947863373
2018-04-01,139707550821
2018-04-02,81082536597
2018-04-03,70472922761
2018-04-04,91926614067
2018-04-05,120256410958
2018-04-06,83193304778
2018-04-07,133936667694
2018-04-08,158058752195
2018-04-09,79329037785
2018-04-10,81588289878
2018-04-11,91772639337
2018-04-12,100929119165
2018-04-13,51743921477
2018-04-14,147786028933
2018-04-15,227187572411
2018-04-16,121640805337
2018-04-17,87554422371
2018-04-18,97266774954
2018-04-19,95989121468
2018-04-20,122091853429
2018-04-21,217732329282
2018-04-22,262419470002
2018-04-23,92219686962
2018-04-24,98541094357
2018-04-25,110770702175
2018-04-26,45509030209
2018-04-27,116711735019
2018-04-28,64677058852
2018-04-29,158611900092
2018-04-30,91879215359
2018-05-01,115894847835
2018-05-02,105565256423
2018-05-03,76215216071
2018-05-04,89951462496
2018-05-05,143047078971
2018-05-06,307811607957
2018-05-07,68606680625
2018-05-08,67053611691
2018-05-09,85880923730
2018-05-10,48383961543
2018-05-11,80358353912
2018-05-12,162682398123
2018-05-13,96333188055
2018-05-14,47472806796
2018-05-15,69472017016
2018-05-16,86301186889
2018-05-17,118000186329
2018-05-18,121563394483
2018-05-19,130140776222
2018-05-20,654956661266
2018-05-21,172562522550
2018-05-22,114796310557
2018-05-23,108473704936
2018-05-24,94641568813
2018-05-25,92215327716
2018-05-26,119313220305
2018-05-27,107031525085
2018-05-28,82428220777
2018-05-29,137005113396
2018-05-30,94054715583
2018-05-31,85550147513
2018-06-01,84362291402
2018-06-02,200146760744
2018-06-03,152702697478
2018-06-04,101791587808
2018-06-05,71952306737
2018-06-06,75877419297
2018-06-07,96966972939
2018-06-09,164157173882
2018-06-10,157431098575
2018-06-11,83962486171
2018-06-12,102607550006
2018-06-13,128057535469
2018-06-14,61942010105
2018-06-15,109388669387
2018-06-16,147494284719
2018-06-17,101248161325
2018-06-18,42023864733
2018-06-19,52925507367
2018-06-20,131227905550
2018-06-21,70472204956
2018-06-22,95211154409
2018-06-23,125254725665
2018-06-24,112202679946
2018-06-25,75177560164
2018-06-26,80368790346
2018-06-27,39342274452
2018-06-28,5456695778
2018-06-29,75970147011
2018-06-30,101259050948
2018-07-01,78547049208
2018-07-02,89942069214
2018-07-03,70205612207
2018-07-04,66511887124
2018-07-05,31947512812
2018-07-06,88648247007
2018-07-07,124990844410
2018-07-08,130041249280
2018-07-09,75161849822
2018-07-10,35347601921
2018-07-11,17629363805
2018-07-12,-36491459577
2018-07-13,87680253458
2018-07-14,-89422920740
2018-07-15,127247947211
2018-07-16,37763661549
2018-07-17,70630184737
2018-07-18,18334134478
2018-07-19,130571954797
2018-07-20,18969273894
2018-07-21,136986503964
2018-07-22,195987828290
2018-07-23,105966228355
2018-07-24,120926592362
2018-07-25,85674904908
2018-07-26,69159735195
2018-07-27,134702114884
2018-07-28,133335879995
2018-07-29,115068127012
2018-07-30,49471702634
2018-07-31,86072652007
2018-08-01,161024084957
2018-08-02,508554924578
2018-08-03,92545175079
2018-08-04,124009284601
2018-08-05,168247217501
2018-08-06,50149200783
2018-08-07,99486427003
2018-08-08,-222595784135
2018-08-09,122181831878
2018-08-10,107737258349
2018-08-11,71776004374
2018-08-12,116126778203
2018-08-13,87408938798
2018-08-14,70362711485
2018-08-15,68914713859
2018-08-16,92189449768
2018-08-17,74527711160
2018-08-18,109253232592
2018-08-19,140461748436
2018-08-20,118971671584
2018-08-21,114840789364
2018-08-22,118206496068
2018-08-23,114469471410
2018-08-24,126441527965
2018-08-25,138878202393
2018-08-26,198316877175
2018-08-27,71255865250
2018-08-28,48916210153
2018-08-30,89674428477
2018-08-31,103352764815
2018-09-01,136590937788
2018-09-03,87398673386
2018-09-04,60637674963
2018-09-06,76851957056
2018-09-07,74164919635
2018-09-08,153090089253
2018-09-09,100538274732
2018-09-10,144670375172
2018-09-11,73840906549
2018-09-12,114857463236
2018-09-13,92457875072
2018-09-14,61628902635
2018-09-15,131584067622
2018-09-16,164311448061
2018-09-17,104795780923
2018-09-18,51640331091
2018-09-19,78466301535
2018-09-20,185776610914
2018-09-21,128828308090
2018-09-22,203820842198
2018-09-23,210030351357
2018-09-24,67048919032
2018-09-25,89239091502
2018-09-26,87340584255
2018-09-27,89148483232
2018-09-28,86582559545
2018-09-29,127967734956
2018-09-30,146580144617
2018-10-01,94471071410
2018-10-02,122170343497
2018-10-03,122085642350
2018-10-04,149862349017
2018-10-05,92915123140
2018-10-06,157073298800
2018-10-07,172046909535
2018-10-08,107567927880
2018-10-09,83257913109
2018-10-10,178051877726
2018-10-11,51441173980
2018-10-12,100316459386
2018-10-13,86002743311
2018-10-14,110516230259
2018-10-15,76466807797
2018-10-16,74597211998
2018-10-17,67816733342
2018-10-18,99683828546
2018-10-19,93236707700
2018-10-20,112824343047
2018-10-21,91282215731
2018-10-22,93544396582
2018-10-23,100596219460
2018-10-24,78712120583
2018-10-25,96412927653
2018-10-26,103972390388
2018-10-27,118900141909
2018-10-28,197786109400
2018-10-29,146631979927
2018-10-31,138343928742
2018-11-01,158914303442
2018-11-02,128128382015
2018-11-03,215218723998
2018-11-04,257375158044
2018-11-05,116205734258
2018-11-06,95906473202
2018-11-07,97499979435
2018-11-08,189519363065
2018-11-09,125757845765
2018-11-10,167137093688
2018-11-11,186615444091
2018-11-12,111240915465
2018-11-13,106279944737
2018-11-14,68754667365
2018-11-15,96797610111
2018-11-16,120986107442
2018-11-17,147591189566
2018-11-18,158955623911
2018-11-19,85776456314
2018-11-20,78462107744
2018-11-21,130643902466
2018-11-22,95119776703
2018-11-23,80321400429
2018-11-24,205548032458
2018-11-25,150453454204
2018-11-26,60908503084
2018-11-27,92113032728
2018-11-28,127599268378
2018-11-29,73272996819
2018-11-30,156927777114
2018-12-02,170260152377
2018-12-03,50196166354
2018-12-04,61074874818
2018-12-05,100403495331
2018-12-06,83709748822
2018-12-07,116765479583
2018-12-08,162891106522
2018-12-09,107389763739
2018-12-10,111732565884
2018-12-11,205714085719
2018-12-12,142910956987
2018-12-13,170552261032
2018-12-14,109242222128
2018-12-15,179269436508
2018-12-16,167179680035
2018-12-17,153787606073
2018-12-18,199724054550
2018-12-19,51568013167
2018-12-20,102995110891
2018-12-21,136145019902
2018-12-22,162856234454
2018-12-23,132686468256
2018-12-24,77572193756
2018-12-25,84318149183
2018-12-26,69953287205
2018-12-27,75393413339
2018-12-28,77755208488
2018-12-29,76420109847
2018-12-30,106504983755
2018-12-31,112289865367
2019-01-01,100896796443
2019-01-02,115027935741
2019-01-03,57358306773
2019-01-04,71066550828
2019-01-05,123026790274
2019-01-06,124773380270
2019-01-07,118304897937
2019-01-08,62607280522
2019-01-09,72367659233
2019-01-10,116649851235
2019-01-11,79786780404
2019-01-12,166935651787
2019-01-13,155132722318
2019-01-14,53708020328
2019-01-15,49924435344
2019-01-16,342238570367
2019-01-17,79583104884
2019-01-18,97982960638
2019-01-19,112404806843
2019-01-20,152997717849
2019-01-21,104174171152
2019-01-22,68490081147
2019-01-23,75269137479
2019-01-24,69433299558
2019-01-25,54336859963
2019-01-26,105226299117
2019-01-27,119535551647
2019-01-28,97696742133
2019-01-29,118577047464
2019-01-30,53507356084
2019-01-31,81742128995
2019-02-01,55631027995
2019-02-02,144242455801
2019-02-03,145678357875
2019-02-04,49338359538
2019-02-05,71420598700
2019-02-06,114989565302
2019-02-07,67403664949
2019-02-08,67393495548
2019-02-09,114969184532
2019-02-10,91367944340
2019-02-11,78050434955
2019-02-12,100908192330
2019-02-14,83536785705
2019-02-15,83626585736
2019-02-16,143283623352
2019-02-17,161126510824
2019-02-18,61229204147
2019-02-19,63309066991
2019-02-20,89169459864
2019-02-21,45719130639
2019-02-22,79644639516
2019-02-23,119001275415
2019-02-24,172242908152
2019-02-25,55228853048
2019-02-26,87448107274
2019-02-27,87673423330
2019-02-28,70270212777
2019-03-01,73262284454
2019-03-02,146426747092
2019-03-03,145761179770
2019-03-04,68177934550
2019-03-05,99257900514
2019-03-06,68697465647
2019-03-07,69955754662
2019-03-08,82446010794
2019-03-09,130997528432
2019-03-10,91036556322
2019-03-11,40573081091
2019-03-12,74663354711
2019-03-13,24515122175
2019-03-14,158017487410
2019-03-15,76200184756
2019-03-16,128307940276
2019-03-17,73286136367
2019-03-18,115268103479
2019-03-19,64746679375
2019-03-20,46487522926
2019-03-21,51357079762
2019-03-22,87831922120
2019-03-23,163231971254
2019-03-24,161656058067
2019-03-25,80695179614
2019-03-26,46562151546
2019-03-27,38020068329
2019-03-28,78030702486
2019-03-29,50819930326
2019-03-30,143606874082
2019-03-31,93486448768
2019-04-01,56281870570
2019-04-02,76961306142
2019-04-03,34833966977
2019-04-04,44472990384
2019-04-05,132766209872
2019-04-06,125126683882
2019-04-07,33753557656
2019-04-08,41107771458
2019-04-09,62805389487
2019-04-10,61469663572
2019-04-11,55837166430
2019-04-12,128509255600
2019-04-13,131545376973
2019-04-14,39525467386
2019-04-15,35215806654
2019-04-16,32724731623
2019-04-17,57767734842
2019-04-18,66480998369
2019-04-19,73805208046
2019-04-20,79788557924
2019-04-21,64713402434
2019-04-22,50803925081
2019-04-23,37247185000
2019-04-24,78201156176
2019-04-25,41175919639
2019-04-26,73292765972
2019-04-27,84329707807
2019-04-28,88574545009
2019-04-29,48954050268
2019-04-30,65269787305
2019-05-01,39412834562
2019-05-02,60381686242
2019-05-03,57029237055
2019-05-04,110491187152
2019-05-05,91699772408
2019-05-06,72602467686
2019-05-07,78493364509
2019-05-08,61521648921
2019-05-09,41101731938
2019-05-10,90773344056
2019-05-11,116935076802
2019-05-12,70381744943
2019-05-13,50409109066
2019-05-14,51250105614
2019-05-15,41427209018
2019-05-16,51080322908
2019-05-17,77589269732
2019-05-18,60515691065
2019-05-19,86038226997
2019-05-20,26599375965
2019-05-21,14020702790
2019-05-22,44143128242
2019-05-23,58307735513
2019-05-24,29014281242
2019-05-25,101573073774
2019-05-26,119191179741
2019-05-27,48638972640
2019-05-28,54494476563
2019-05-29,72652139829
2019-05-30,40272826852
2019-05-31,99931017822
2019-06-01,144768141366
2019-06-02,100546531436
2019-06-03,85216052115
2019-06-04,63528801476
2019-06-05,50639435997
2019-06-06,39407704893
2019-06-07,56762446998
2019-06-08,72709396072
2019-06-09,88941657948
2019-06-10,47971194610
2019-06-11,125563377142
2019-06-12,96757875000
2019-06-13,1292590686
2019-06-14,66538270230
2019-06-15,70100192811
2019-06-16,74419267981
2019-06-17,64854737219
2019-06-18,53747282744
2019-06-19,45453448038
2019-06-20,37897799146
2019-06-21,60464766676
2019-06-22,79604517940
2019-06-23,89009060432
2019-06-24,71903589412
2019-06-25,57551373353
2019-06-26,52126415436
2019-06-27,49364868441
2019-06-28,59077174427
2019-06-29,88460231645
2019-06-30,87548945360
2019-07-01,51287649429
2019-07-02,50875876194
2019-07-03,50157794841
2019-07-04,54295352771
2019-07-05,71561021831
2019-07-06,119087933421
2019-07-07,84150058781
2019-07-08,73952170981
2019-07-09,50214978901
2019-07-10,33770518211
2019-07-11,43152397403
2019-07-12,65804435487
2019-07-13,110710744627
2019-07-14,99296697074
2019-07-15,57628613506
2019-07-16,36339637197
2019-07-17,71313638169
2019-07-18,38963902847
2019-07-19,63165608411
2019-07-20,95059949282
2019-07-21,84879500277
2019-07-22,67575384598
2019-07-23,124607301021
2019-07-24,81804886726
2019-07-25,49636367623
2019-07-26,104176520545
2019-07-27,99881664689
2019-07-28,105212000873
2019-07-29,80588284696
2019-07-30,69643632406
2019-07-31,100482247002
2019-08-01,54646794913
2019-08-02,47840169377
2019-08-03,95160508631
2019-08-04,135870482219
2019-08-05,52544883899
2019-08-06,38335637334
2019-08-07,76407820221
2019-08-08,60128394199
2019-08-09,60447037205
2019-08-10,161410268770
2019-08-11,98543008887
2019-08-12,55895370753
2019-08-13,66776524696
2019-08-14,80490999335
2019-08-15,82176480847
2019-08-16,58290823776
2019-08-17,58648837511
2019-08-18,112817554204
2019-08-19,54424335710
2019-08-20,186612515623
2019-08-21,62361093630
2019-08-22,46485534548
2019-08-23,96615596951
2019-08-24,60831268029
2019-08-25,121125033164
2019-08-26,42484143678
2019-08-27,23140790333
2019-08-28,56665021994
2019-08-29,35206787015
2019-08-30,42715351609
2019-08-31,75447523120
2019-09-01,82735554158
2019-09-02,102750952276
2019-09-03,61559353773
2019-09-04,39733534669
2019-09-05,65505742652
2019-09-06,61726181768
2019-09-07,88077472159
2019-09-08,114141187430
2019-09-09,50351033053
2019-09-10,62110884513
2019-09-11,53397829516
2019-09-12,49359801059
2019-09-13,72551663410
2019-09-14,135266896956
2019-09-15,126324055999
2019-09-16,66697318911
2019-09-17,44282086742
2019-09-18,25024892789
2019-09-19,43384334496
2019-09-20,5183780348
2019-09-21,115070069310
2019-09-22,105302251026
2019-09-23,38067105979
2019-09-24,44710677353
2019-09-25,42864788813
2019-09-26,41975787122
2019-09-27,93830921232
2019-09-28,113911169124
2019-09-29,125546604144
2019-09-30,50437702945
2019-10-01,77662550075
2019-10-02,148379660198
2019-10-03,55783171646
2019-10-04,72645729042
2019-10-05,95717059470
2019-10-06,93810273629
2019-10-07,55671570323
2019-10-08,50564405368
2019-10-09,44753709327
2019-10-10,44177956348
2019-10-11,69560454279
2019-10-12,80509914739
2019-10-13,69450372404
2019-10-14,64654293262
2019-10-15,61048876132
2019-10-16,56845444981
2019-10-17,65237759262
2019-10-18,55792944904
2019-10-19,84557020897
2019-10-20,85332629668
2019-10-21,67596746585
2019-10-22,61460992370
2019-10-23,93155818496
2019-10-24,59077306640
2019-10-25,95521982819
2019-10-26,93730732449
2019-10-27,98541137414
2019-10-28,54406371171
2019-10-29,73101634603
2019-10-30,84143116476
2019-10-31,83375105039
2019-11-01,83023647483
2019-11-02,126798573226
2019-11-03,109126315437
2019-11-04,120087104835
2019-11-05,91790328161
2019-11-06,66628553042
2019-11-07,68473036186
2019-11-08,63170783278
2019-11-09,135252913583
2019-11-10,164133706683
2019-11-11,67383241515
2019-11-12,56668249087
2019-11-13,35183231645
2019-11-14,52173257682
2019-11-15,46970096356
2019-11-16,84123722137
2019-11-17,103817290009
2019-11-18,55248177036
2019-11-19,57090938057
2019-11-20,57079291359
2019-11-21,84486705274
2019-11-22,56696855828
2019-11-23,115193066892
2019-11-24,113116824667
2019-11-25,60118303390
2019-11-26,75407427487
2019-11-27,47280579954
2019-11-28,70882704444
2019-11-29,40910712257
2019-11-30,78844662974
2019-12-01,191476843866
2019-12-02,54644507136
2019-12-03,74617535904
2019-12-04,59641915258
2019-12-05,64866024351
2019-12-06,74572317109
2019-12-07,96524970449
2019-12-08,100561930596
2019-12-09,54074760030
2019-12-10,78443967662
2019-12-11,70435032448
2019-12-12,82215818000
2019-12-13,62550961721
2019-12-14,93533710361
2019-12-15,112202867159
2019-12-16,71795017461
2019-12-17,92793261535
2019-12-18,100346951919
2019-12-19,53918870519
2019-12-20,72890061552
2019-12-21,98130406009
2019-12-22,87629952851
2019-12-23,63273866520
2019-12-24,56384009787
2019-12-25,40512570096
2019-12-26,65575110633
2019-12-27,68436445872
2019-12-28,92452501753
2019-12-29,109080783266
2019-12-30,87329938723
2019-12-31,82712195514
2020-01-01,59584898614
2020-01-02,77468878245
2020-01-03,100952338207
2020-01-04,99508305506
2020-01-05,101140110754
2020-01-06,43258115669
2020-01-07,43603034528
2020-01-08,50631377149
2020-01-09,58911373989
2020-01-10,69424531021
2020-01-11,93812184853
2020-01-12,105569611937
2020-01-13,80453616895
2020-01-14,49285915956
2020-01-15,48881954967
2020-01-16,64486322254
2020-01-17,83393250153
2020-01-18,103556333757
2020-01-19,84423077126
2020-01-20,61977436892
2020-01-21,53029173523
2020-01-22,64482342039
2020-01-23,66911500953
2020-01-24,51008690815
2020-01-25,108755689354
2020-01-26,131984168553
2020-01-27,59426731849
2020-01-28,50217534804
2020-01-29,72218958907
2020-01-30,59429884193
2020-01-31,70117382339
2020-02-01,55538420250
2020-02-02,102777317344
2020-02-03,61787640762
2020-02-04,48402407184
2020-02-05,41808539916
2020-02-06,66188048479
2020-02-07,64530435669
2020-02-08,91718831781
2020-02-09,127717901673
2020-02-10,67403857725
2020-02-11,53724656469
2020-02-12,43621595768
2020-02-13,101448125093
2020-02-14,89223500720
2020-02-15,117592118437
2020-02-16,116631126748
2020-02-17,71879880060
2020-02-18,73466260098
2020-02-19,61626116643
2020-02-20,61097778383
2020-02-21,68600042895
2020-02-22,100683561030
2020-02-23,99385663457
2020-02-24,51611291374
2020-02-25,69273267865
2020-02-26,65831998298
2020-02-27,58695697632
2020-02-28,82116534527
2020-02-29,153656977787
2020-03-01,104923390559
2020-03-02,51303161351
2020-03-03,47780042261
2020-03-04,47648928002
2020-03-05,48830573264
2020-03-06,56616314464
2020-03-07,126604799234
2020-03-08,128085706696
2020-03-09,140124906737
2020-03-10,78664141189
2020-03-11,74296030583
2020-03-12,79988951294
2020-03-13,70452883804
2020-03-15,106081623995
2020-03-16,87370556203
2020-03-18,83012436990
2020-03-19,74395277967
2020-03-20,87628580694
2020-03-21,132267265314
2020-03-22,174745676878
2020-03-24,209724408342
2020-03-25,75060848003
2020-03-26,101919236064
2020-03-27,76401499901
2020-03-28,111480000653
2020-03-29,115666350698
2020-03-30,113697299634
2020-03-31,108297245269
2020-04-01,103487716957
2020-04-02,85344633781
2020-04-03,83373766043
2020-04-04,147410051579
2020-04-05,133381956159
2020-04-06,81510551204
2020-04-07,78537606657
2020-04-08,77013430861
2020-04-09,93139462826
2020-04-10,137684807145
2020-04-11,116536342074
2020-04-12,97660990203
2020-04-13,93375646640
2020-04-14,91170796599
2020-04-15,88918288848
2020-04-16,91840832230
2020-04-17,102546259423
2020-04-18,109012261704
2020-04-19,105683722252
2020-04-20,74324838119
2020-04-21,83077292468
2020-04-22,87588145660
2020-04-23,82122884856
2020-04-24,106847921728
2020-04-25,105098491396
2020-04-26,126870722092
2020-04-27,79809840361
2020-04-28,68868025349
2020-04-29,75562208754
2020-04-30,79513876388
2020-05-01,447744971968
2020-05-02,183818375921
2020-05-03,164534006295
2020-05-04,158254275180
2020-05-05,157931318097
2020-05-06,131411354501
2020-05-07,156211874223
2020-05-08,151422787515
2020-05-09,192837378829
2020-05-10,178561743789
2020-05-11,134022308601
2020-05-12,147065980164
2020-05-13,165226940077
2020-05-14,130686517155
2020-05-15,211497406757
2020-05-16,261450711167
2020-05-17,194648990399
2020-05-18,134774342548
2020-05-19,127165918649
2020-05-20,145078364489
2020-05-21,179559639276
2020-05-22,178245840684
2020-05-23,194465483012
2020-05-24,217025357142
2020-05-25,210796739234
2020-05-26,107753527651
2020-05-27,120769100022
2020-05-28,173176490258
2020-05-29,143639098263
2020-05-30,186404826613
2020-05-31,188313200044
2020-06-01,110097489985
2020-06-02,130436856060
2020-06-03,161211145317
2020-06-04,117174884078
2020-06-05,186214715889
2020-06-06,158904339528
2020-06-07,147926576989
2020-06-08,103543128716
2020-06-09,117504891788
2020-06-10,212470490070
2020-06-11,105055651730
2020-06-12,133304202652
2020-06-13,188885655136
2020-06-14,224436637902
2020-06-15,145418891892
2020-06-16,151711021648
2020-06-17,147450623746
2020-06-18,136449884283
2020-06-19,161833222292
2020-06-20,209382607366
2020-06-21,196524413363
2020-06-22,224834306433
2020-06-23,133624937067
2020-06-24,175250437008
2020-06-25,143650511984
2020-06-26,158630886011
2020-06-27,170754953514
2020-06-28,205576580003
2020-06-29,141011626608
2020-06-30,148867634103
2020-07-01,154552081118
2020-07-02,146890083558
2020-07-03,153263214574
2020-07-04,190939347496
2020-07-05,203604767937
2020-07-06,169743886071
2020-07-07,153319990839
2020-07-08,154729353158
2020-07-09,151513514690
2020-07-11,192787466137
2020-07-12,230157634250
2020-07-13,158194634834
2020-07-14,180532815755
2020-07-15,181567238542
2020-07-16,207007950410
2020-07-17,146073691521
2020-07-18,289670961176
2020-07-19,264764013960
2020-07-20,180642099611
2020-07-21,141977855006
2020-07-22,152640781417
2020-07-23,131060278793
2020-07-24,164250965425
2020-07-25,233298377036
2020-07-26,209992650260
2020-07-27,134651138316
2020-07-28,139246969535
2020-07-29,134301269672
2020-07-30,176362829599
2020-07-31,140587091453
2020-08-01,198871110294
2020-08-02,193008961730
2020-08-03,143341342039
2020-08-04,196291917794
2020-08-05,225450574359
2020-08-06,366858744146
2020-08-07,138449143110
2020-08-08,166945363404
2020-08-09,236392267496
2020-08-10,145145137712
2020-08-11,168417743983
2020-08-12,125998417222
2020-08-13,130981865566
2020-08-14,160467544272
2020-08-15,269397842196
2020-08-16,189773239328
2020-08-17,133535970320
2020-08-18,140498838492
2020-08-19,147075072652
2020-08-20,179844052578
2020-08-21,195549648253
2020-08-22,201104846016
2020-08-23,228065419258
2020-08-24,165820392876
2020-08-25,170872136621
2020-08-26,198347043643
2020-08-27,172406512920
2020-08-28,126831803891
2020-08-29,179839810366
2020-08-30,181170355314
2020-08-31,143443840447
2020-09-01,140158435124
2020-09-02,138135336809
2020-09-03,135820106312
2020-09-04,266324926361
2020-09-05,182744032228
2020-09-06,239377437648
2020-09-07,161643958658
2020-09-08,120868928814
2020-09-09,131089020027
2020-09-10,153770996395
2020-09-11,150743611817
2020-09-12,178691993086
2020-09-13,175124805722
2020-09-14,170505198505
2020-09-15,147627970296
2020-09-16,170250277629
2020-09-17,138428439139
2020-09-18,170213724477
2020-09-19,203748636017
2020-09-20,255471215221
2020-09-21,166346281503
2020-09-22,168591994304
2020-09-23,219873873224
2020-09-24,369627819955
2020-09-25,167307758097
2020-09-26,166685225035
2020-09-27,237355580034
2020-09-28,195267482861
2020-09-29,152776602522
2020-09-30,139318163943
2020-10-01,150471229354
2020-10-02,151418435409
2020-10-03,260277735249
2020-10-04,189341575214
2020-10-05,531109989193
2020-10-06,487648695167
2020-10-07,535638518024
2020-10-08,189439168662
2020-10-09,157340988727
2020-10-10,199145165943
2020-10-11,554811004870
2020-10-12,152572525100
2020-10-13,174047948433
2020-10-14,145801391368
2020-10-15,793669598634
2020-10-16,491728312396
2020-10-17,426744206862
2020-10-18,224849387717
2020-10-19,177128130604
2020-10-20,120698838321
2020-10-21,124263651759
2020-10-22,158910783808
2020-10-23,141008374318
2020-10-24,205895144784
2020-10-25,214727493639
2020-10-26,132001610434
2020-10-27,166646455915
2020-10-28,147295750973
2020-10-29,157186897390
2020-10-30,165260879878
2020-10-31,213046665158
2020-11-01,229093736099
2020-11-02,189015062715
2020-11-03,144010695050
2020-11-04,181240725875
2020-11-05,152393807429
2020-11-06,155070009568
2020-11-07,254326747070
2020-11-08,191802151742
2020-11-09,154369792503
2020-11-10,165568202009
2020-11-11,159936759145
2020-11-12,139133847492
2020-11-13,216338439160
2020-11-14,187531278710
2020-11-15,208207298439
2020-11-16,193614264457
2020-11-17,157763896544
2020-11-18,179070119672
2020-11-19,158248279819
2020-11-20,200714970689
2020-11-21,292815639270
2020-11-22,370650315593
2020-11-23,152648145430
2020-11-24,177551313960
2020-11-25,131940815513
2020-11-26,140201857993
2020-11-27,214861981870
2020-11-28,188874490442
2020-11-29,178542683400
2020-11-30,141503554211
2020-12-01,119579119598
2020-12-02,176563490369
2020-12-03,154833492751
2020-12-04,171928866561
2020-12-05,265615693296
2020-12-06,194184759952
2020-12-07,149960325416
2020-12-08,136866908272
2020-12-09,148787925788
2020-12-10,193804117926
2020-12-11,175513659589
2020-12-12,223782439096
2020-12-13,194883810649
2020-12-14,160047369908
2020-12-15,184028230957
2020-12-16,218844445259
2020-12-17,170331735805
2020-12-18,162134911061
2020-12-19,242363134449
2020-12-20,260857278138
2020-12-21,224675946359
2020-12-22,161042485167
2020-12-23,170953012652
2020-12-24,242537675747
2020-12-25,188803910677
2020-12-26,199620590670
2020-12-27,198515319871
2020-12-28,222155491400
2020-12-29,199152917191
2020-12-30,197455368811
2020-12-31,1314546180685
2021-01-01,247616697217
2021-01-02,252458232273
2021-01-03,667721327555
2021-01-04,177434242689
2021-01-05,177519388136
2021-01-06,197789389073
2021-01-07,192117798823
2021-01-08,299092385054
2021-01-09,263834695088
2021-01-10,308962268956
2021-01-11,174900075801
2021-01-12,204252362483
2021-01-13,170689775024
2021-01-14,213754993283
2021-01-15,178719157952
2021-01-16,260344181896
2021-01-17,232281069763
2021-01-18,210822369100
2021-01-19,155249672500
2021-01-20,327524960819
2021-01-21,182360837025
2021-01-22,165037039355
2021-01-23,257173847663
2021-01-24,233901059769
2021-01-25,223487126516
2021-01-26,217322814546
2021-01-27,791248729628
2021-01-28,179916929797
2021-01-29,264961495440
2021-01-30,282124346830
2021-01-31,371947681339
2021-02-01,233115160297
2021-02-02,210382152073
2021-02-03,149618555083
2021-02-04,172316911801
2021-02-05,216710230729
2021-02-06,241665169681
2021-02-07,271049704835
2021-02-08,179496120187
2021-02-09,200794315992
2021-02-10,227565465490
2021-02-11,223668343473
2021-02-12,234914822746
2021-02-13,274042689739
2021-02-14,225920409087
2021-02-15,187438110379
2021-02-16,207624260762
2021-02-17,238524969100
2021-02-18,201540878921
2021-02-19,209214072488
2021-02-20,203667829302
2021-02-21,305051840885
2021-02-22,269674284113
2021-02-23,164149616041
2021-02-24,242711080706
2021-02-25,151832934686
2021-02-26,221795629836
2021-02-27,222807531160
2021-02-28,254980043023
2021-03-01,176888382978
2021-03-02,174561986983
2021-03-03,253570861435
2021-03-04,150766952854
2021-03-05,181089270330
2021-03-06,345881004730
2021-03-07,331456804230
2021-03-08,173992823842
2021-03-09,189953764019
2021-03-10,210346597883
2021-03-11,196066811460
2021-03-12,255105828313
2021-03-13,295858854565
2021-03-14,282222255420
2021-03-15,266384408290
2021-03-16,200861937087
2021-03-17,197363747094
2021-03-18,200681172624
2021-03-19,234602347126
2021-03-20,255632070047
2021-03-21,270573662801
2021-03-22,234992004687
2021-03-23,298483684252
2021-03-24,184075820975
2021-03-25,162069781195
2021-03-26,193779554548
2021-03-27,246439062523
2021-03-28,297590204551
2021-03-29,325423732177
2021-03-30,184107572203
2021-03-31,153925092975
2021-04-01,185240176527
2021-04-02,220651178902
2021-04-03,259338429100
2021-04-04,194368314564
2021-04-05,166679788870
2021-04-06,232322119938
2021-04-07,148510396270
2021-04-08,145249403503
2021-04-09,164572765199
2021-04-10,218897141377
2021-04-11,218452755184
2021-04-12,145792763359
2021-04-13,183317357291
2021-04-14,119256132632
2021-04-15,152877158699
2021-04-16,160130633054
2021-04-17,209309932954
2021-04-18,213477063373
2021-04-19,123428956499
2021-04-20,134303401191
2021-04-21,145416941548
2021-04-22,147284621436
2021-04-23,225125955407
2021-04-24,178938027011
2021-04-25,168384886760
2021-04-26,142118731468
2021-04-27,173839296341
2021-04-28,172017341243
2021-04-29,140141909340
2021-04-30,140140534755
2021-05-01,194645512633
2021-05-02,209107282155
2021-05-03,141749380552
2021-05-04,137939753716
2021-05-05,137271783662
2021-05-06,150806020042
2021-05-07,200608261752
2021-05-08,202705312002
2021-05-09,166345663829
2021-05-10,172319711059
2021-05-11,161987871698
2021-05-12,129056823332
2021-05-13,133773170550
2021-05-14,151448153996
2021-05-15,217505033312
2021-05-16,172073572330
2021-05-17,122063314178
2021-05-18,176787192462
2021-05-19,124215659808
2021-05-20,135005331614
2021-05-21,122632324608
2021-05-22,215471069648
2021-05-23,188182530389
2021-05-24,153760837264
2021-05-25,110808742748
2021-05-26,169730070564
2021-05-27,114163592506
2021-05-28,175581505226
2021-05-29,145352620154
2021-05-30,142322859161
2021-05-31,132315231898
2021-06-01,115818584816
2021-06-02,104768464312
2021-06-03,117848378212
2021-06-04,115745633887
2021-06-05,276268500899
2021-06-06,176438831987
2021-06-07,110512589267
2021-06-08,118876468025
2021-06-09,122073984962
2021-06-10,91881027788
2021-06-11,125690980125
2021-06-12,135083613678
2021-06-13,122258631596
2021-06-14,89121230110
2021-06-15,75458405239
2021-06-16,78009068199
2021-06-17,107160525139
2021-06-18,101534370369
2021-06-19,115371078322
2021-06-20,120886778791
2021-06-21,87981092344
2021-06-22,91891675312
2021-06-23,87945590468
2021-06-24,86286217828
2021-06-25,94149371580
2021-06-26,104336187329
2021-06-27,127884542610
2021-06-28,85532794370
2021-06-29,98776784356
2021-06-30,92004488782
2021-07-01,91005502386
2021-07-02,97320713034
2021-07-03,107839593920
2021-07-04,106706575862
2021-07-05,89366507180
2021-07-06,89600252016
2021-07-07,81599547616
2021-07-08,96375311557
2021-07-09,92245076583
2021-07-10,105304066687
2021-07-11,115692429682
2021-07-12,85296285448
2021-07-13,84579300041
2021-07-14,115074240284
2021-07-15,92819793445
2021-07-16,91201782502
2021-07-17,114812969899
2021-07-18,133295106200
2021-07-19,125925921713
2021-07-20,93367680334
2021-07-21,103226887755
2021-07-22,84767347153
2021-07-23,127819871097
2021-07-24,116843404583
2021-07-25,129786595741
2021-07-26,83593963805
2021-07-27,92617429803
2021-07-28,87659690744
2021-07-29,249520339597
2021-07-30,123644222622
2021-07-31,133539697953
2021-08-01,132728485522
2021-08-02,154390817440
2021-08-03,184890897567
2021-08-04,156311965781
2021-08-05,155383390679
2021-08-06,140156986908
2021-08-07,163698204311
2021-08-08,155298745100
2021-08-09,113485567828
2021-08-10,110576760398
2021-08-11,211631641966
2021-08-12,157712869190
2021-08-13,121396321672
2021-08-14,132565206905
2021-08-15,137726748833
2021-08-16,115129893821
2021-08-17,109532888408
2021-08-18,125536020753
2021-08-19,112791000875
2021-08-20,129430737322
2021-08-21,131395039452
2021-08-22,135875223184
2021-08-23,114095442356
2021-08-24,195156154837
2021-08-25,121448934972
2021-08-26,128192255502
2021-08-27,105078622592
2021-08-28,157821264404
2021-08-29,167024539978
2021-08-30,114319833195
2021-08-31,99874770067
2021-09-01,99083628386
2021-09-02,76583681436
2021-09-03,95449859182
2021-09-04,104211137478
2021-09-05,94889980796
2021-09-06,91934312720
2021-09-07,79692856181
2021-09-08,91437746736
2021-09-09,76892662170
2021-09-10,120396174657
2021-09-11,127038841879
2021-09-12,109882877819
2021-09-13,84305843630
2021-09-14,81017947903
2021-09-15,82142770157
2021-09-16,70880900634
2021-09-17,147540840228
2021-09-18,101688129869
2021-09-19,102574631821
2021-09-20,88531109129
2021-09-21,96742449979
2021-09-22,74863997713
2021-09-23,80503424174
2021-09-24,73243059178
2021-09-25,118207694202
2021-09-26,114897236443
2021-09-27,81455810537
2021-09-28,69954474047
2021-09-29,73137225513
2021-09-30,68177104761
2021-10-01,81262513676
2021-10-02,86229443320
2021-10-03,107416874135
2021-10-04,73289283710
2021-10-05,80367192660
2021-10-06,80049249431
2021-10-07,83872704682
2021-10-08,82871764091
2021-10-09,106901192293
2021-10-10,115156599836
2021-10-11,72828590492
2021-10-12,82027304198
2021-10-13,80901071876
2021-10-14,75765076413
2021-10-15,89715192701
2021-10-16,208414262258
2021-10-17,151636992302
2021-10-18,72111063585
2021-10-19,80332454395
2021-10-20,73374572360
2021-10-21,74703558717
2021-10-22,93064693199
2021-10-23,106394835949
2021-10-24,111724631209
2021-10-25,86095251015
2021-10-26,85719073591
2021-10-27,82593434197
2021-10-28,97024714650
2021-10-29,90259333505
2021-10-30,109134672016
2021-10-31,107057061602
2021-11-01,92914619200
2021-11-02,82240572449
2021-11-03,105081551136
2021-11-04,83123952135
2021-11-05,87436425256
2021-11-06,154065260757
2021-11-07,119817430257
2021-11-08,86980098358
2021-11-09,87048900915
2021-11-10,81086510157
2021-11-11,94912471505
2021-11-12,100072001425
2021-11-13,120875899099
2021-11-14,149901769051
2021-11-15,81791893687
2021-11-16,74733749312
2021-11-17,91547565433
2021-11-18,73352142245
2021-11-19,88909216407
2021-11-20,139158150080
2021-11-21,113014107377
2021-11-22,84221000218
2021-11-23,77845206597
2021-11-24,86409199431
2021-11-25,90686235911
2021-11-26,100433596089
2021-11-27,145347900401
2021-11-28,147548547199
2021-11-29,73526985349
2021-11-30,75092933429
2021-12-01,77282341908
2021-12-02,76881989929
2021-12-03,95520119338
2021-12-04,111439306843
2021-12-05,130309936610
2021-12-06,78338560673
2021-12-07,81379444473
2021-12-08,85426292508
2021-12-09,109672787271
2021-12-10,89623807376
2021-12-11,143443689364
2021-12-12,101278752152
2021-12-13,86874127970
2021-12-14,83204922976
2021-12-15,85801331577
2021-12-16,85657129418
2021-12-17,100856801061
2021-12-18,123747971901
2021-12-19,111126464861
2021-12-20,90521831259
2021-12-21,87087714147
2021-12-22,83435295804
2021-12-23,83444780779
2021-12-24,84993602877
2021-12-25,79328086220
2021-12-26,92532000865
2021-12-27,88987904500
2021-12-28,94191785954
2021-12-29,94663051615
2021-12-30,98248491622
2021-12-31,91236673394
2022-01-01,104285663496
2022-01-02,122815642146
2022-01-03,105349215526
2022-01-04,84510231536
2022-01-05,88522833008
2022-01-06,131435331508
2022-01-07,88109236054
2022-01-08,200411675747
2022-01-09,145294784822
2022-01-10,79621090366
2022-01-11,78998675238
2022-01-12,84659488432
2022-01-13,78724682531
2022-01-14,90893924299
2022-01-15,130261259276
2022-01-16,123159367145
2022-01-17,99322299690
2022-01-18,83692312558
2022-01-19,85996175700
2022-01-20,80505947487
2022-01-21,89710282328
2022-01-22,113269210091
2022-01-23,139433660227
2022-01-24,82842961789
2022-01-25,71895393793
2022-01-26,76781938634
2022-01-27,87593860398
2022-01-28,114593332869
2022-01-29,111952276416
2022-01-30,104253440622
2022-01-31,86341959223
2022-02-01,92512275359
2022-02-02,81978011876
2022-02-03,74058485548
2022-02-04,129825431240
2022-02-05,146030057243
2022-02-06,116611033890
2022-02-07,84212582543
2022-02-08,86200082994
2022-02-09,81431480400
2022-02-10,108301072051
2022-02-11,116744613888
2022-02-12,113901797672
2022-02-13,122121589992
2022-02-14,82864299238
2022-02-15,83335641253
2022-02-16,104988274635
2022-02-17,89700502769
2022-02-18,97842067447
2022-02-19,117701374054
2022-02-20,148551573838
2022-02-21,96702061762
2022-02-22,94468550621
2022-02-23,85538682548
2022-02-24,68821139247
2022-02-25,85263903718
2022-02-26,155883402713
2022-02-27,167393311708
2022-02-28,79778401700
2022-03-01,62123443974
2022-03-02,65433102123
2022-03-03,69582108915
2022-03-04,76910108946
2022-03-05,102914717022
2022-03-06,96008769655
2022-03-07,70353596915
2022-03-08,65506777286
2022-03-09,70449500779
2022-03-10,67484483192
2022-03-11,76624538543
2022-03-12,98491396918
2022-03-13,111882200470
2022-03-14,65736158929
2022-03-15,81212102404
2022-03-16,81672173882
2022-03-17,78108571551
2022-03-18,77341529938
2022-03-19,173517030936
2022-03-20,99266294947
2022-03-21,71991987542
2022-03-22,93716957961
2022-03-23,75412533234
2022-03-24,64625238440
2022-03-25,91598474388
2022-03-26,120139165832
2022-03-27,103548323558
2022-03-28,78684439044
2022-03-29,83097810989
2022-03-30,208889291089
2022-03-31,73580694264
2022-04-01,109736366658
2022-04-02,135314968228
2022-04-03,117688086992
2022-04-04,88841308521
2022-04-05,80234415048
2022-04-06,84191563131
2022-04-07,70084432287
2022-04-08,80326505440
2022-04-09,103169622676
2022-04-10,100886465636
2022-04-11,79567120029
2022-04-12,69100605919
2022-04-13,69390147179
2022-04-14,79142630122
2022-04-15,112228957147
2022-04-16,116811776770
2022-04-17,105865341571
2022-04-18,92189623193
2022-04-19,79639596142
2022-04-20,82776236518
2022-04-21,91697590772
2022-04-22,86526658046
2022-04-23,112959113007
2022-04-24,105390987275
2022-04-25,86858506124
2022-04-26,80188433315
2022-04-27,81795027064
2022-04-28,97109891074
2022-04-29,88676995792
2022-04-30,91388905639
