type_id,type_name,group_id,snapshot
582,,,2014-07-10
583,,,2014-07-10
584,,,2014-07-10
585,,,2014-07-10
586,,,2014-07-10
587,,,2014-07-10
588,,,2014-07-10
589,,,2014-07-10
590,,,2014-07-10
591,,,2014-07-10
592,,,2014-07-10
593,,,2014-07-10
594,,,2014-07-10
596,,,2014-07-10
597,,,2014-07-10
598,,,2014-07-10
599,,,2014-07-10
601,,,2014-07-10
602,,,2014-07-10
603,,,2014-07-10
605,,,2014-07-10
606,,,2014-07-10
607,,,2014-07-10
608,,,2014-07-10
609,,,2014-07-10
615,,,2014-07-10
617,,,2014-07-10
620,,,2014-07-10
621,,,2014-07-10
622,,,2014-07-10
623,,,2014-07-10
624,,,2014-07-10
625,,,2014-07-10
626,,,2014-07-10
627,,,2014-07-10
628,,,2014-07-10
629,,,2014-07-10
630,,,2014-07-10
631,,,2014-07-10
632,,,2014-07-10
633,,,2014-07-10
634,,,2014-07-10
638,,,2014-07-10
639,,,2014-07-10
640,,,2014-07-10
641,,,2014-07-10
642,,,2014-07-10
643,,,2014-07-10
644,,,2014-07-10
645,,,2014-07-10
648,,,2014-07-10
649,,,2014-07-10
650,,,2014-07-10
651,,,2014-07-10
652,,,2014-07-10
653,,,2014-07-10
654,,,2014-07-10
655,,,2014-07-10
656,,,2014-07-10
657,,,2014-07-10
670,,,2014-07-10
671,,,2014-07-10
672,,,2014-07-10
1916,,,2014-07-10
1944,,,2014-07-10
2006,,,2014-07-10
2078,,,2014-07-10
2161,,,2014-07-10
2233,,,2014-07-10
2834,,,2014-07-10
2836,,,2014-07-10
2863,,,2014-07-10
2948,,,2014-07-10
2998,,,2014-07-10
3514,,,2014-07-10
3516,,,2014-07-10
3518,,,2014-07-10
3532,,,2014-07-10
3628,,,2014-07-10
3756,,,2014-07-10
3764,,,2014-07-10
3766,,,2014-07-10
3962,,,2014-07-10
4005,,,2014-07-10
4302,,,2014-07-10
4306,,,2014-07-10
4308,,,2014-07-10
4310,,,2014-07-10
4318,,,2014-07-10
4363,,,2014-07-10
4388,,,2014-07-10
9854,,,2014-07-10
11019,,,2014-07-10
11129,,,2014-07-10
11132,,,2014-07-10
11134,,,2014-07-10
11172,,,2014-07-10
11174,,,2014-07-10
11176,,,2014-07-10
11178,,,2014-07-10
11182,,,2014-07-10
11184,,,2014-07-10
11186,,,2014-07-10
11188,,,2014-07-10
11190,,,2014-07-10
11192,,,2014-07-10
11194,,,2014-07-10
11196,,,2014-07-10
11198,,,2014-07-10
11200,,,2014-07-10
11202,,,2014-07-10
11365,,,2014-07-10
11371,,,2014-07-10
11377,,,2014-07-10
11379,,,2014-07-10
11381,,,2014-07-10
11387,,,2014-07-10
11393,,,2014-07-10
11400,,,2014-07-10
11567,,,2014-07-10
11940,,,2014-07-10
11942,,,2014-07-10
11957,,,2014-07-10
11959,,,2014-07-10
11961,,,2014-07-10
11963,,,2014-07-10
11965,,,2014-07-10
11969,,,2014-07-10
11971,,,2014-07-10
11978,,,2014-07-10
11985,,,2014-07-10
11987,,,2014-07-10
11989,,,2014-07-10
11993,,,2014-07-10
11995,,,2014-07-10
11999,,,2014-07-10
12003,,,2014-07-10
12005,,,2014-07-10
12011,,,2014-07-10
12013,,,2014-07-10
12015,,,2014-07-10
12017,,,2014-07-10
12019,,,2014-07-10
12021,,,2014-07-10
12023,,,2014-07-10
12032,,,2014-07-10
12034,,,2014-07-10
12038,,,2014-07-10
12042,,,2014-07-10
12044,,,2014-07-10
12198,,,2014-07-10
12199,,,2014-07-10
12200,,,2014-07-10
12235,,,2014-07-10
12236,,,2014-07-10
12237,,,2014-07-10
12238,,,2014-07-10
12239,,,2014-07-10
12729,,,2014-07-10
12731,,,2014-07-10
12733,,,2014-07-10
12735,,,2014-07-10
12743,,,2014-07-10
12745,,,2014-07-10
12747,,,2014-07-10
12753,,,2014-07-10
13780,,,2014-07-10
14343,,,2014-07-10
16213,,,2014-07-10
16214,,,2014-07-10
16216,,,2014-07-10
16217,,,2014-07-10
16220,,,2014-07-10
16221,,,2014-07-10
16227,,,2014-07-10
16229,,,2014-07-10
16231,,,2014-07-10
16233,,,2014-07-10
16236,,,2014-07-10
16238,,,2014-07-10
16240,,,2014-07-10
16242,,,2014-07-10
16631,,,2014-07-10
16688,,,2014-07-10
16689,,,2014-07-10
16690,,,2014-07-10
16691,,,2014-07-10
16692,,,2014-07-10
16694,,,2014-07-10
16696,,,2014-07-10
16697,,,2014-07-10
16869,,,2014-07-10
17167,,,2014-07-10
17168,,,2014-07-10
17174,,,2014-07-10
17175,,,2014-07-10
17176,,,2014-07-10
17177,,,2014-07-10
17178,,,2014-07-10
17180,,,2014-07-10
17181,,,2014-07-10
17182,,,2014-07-10
17184,,,2014-07-10
17185,,,2014-07-10
17186,,,2014-07-10
17187,,,2014-07-10
17402,,,2014-07-10
17403,,,2014-07-10
17404,,,2014-07-10
17406,,,2014-07-10
17407,,,2014-07-10
17408,,,2014-07-10
17476,,,2014-07-10
17478,,,2014-07-10
17480,,,2014-07-10
17619,,,2014-07-10
17621,,,2014-07-10
17634,,,2014-07-10
17636,,,2014-07-10
17701,,,2014-07-10
17703,,,2014-07-10
17709,,,2014-07-10
17713,,,2014-07-10
17715,,,2014-07-10
17718,,,2014-07-10
17720,,,2014-07-10
17722,,,2014-07-10
17726,,,2014-07-10
17728,,,2014-07-10
17732,,,2014-07-10
17736,,,2014-07-10
17738,,,2014-07-10
17740,,,2014-07-10
17770,,,2014-07-10
17771,,,2014-07-10
17772,,,2014-07-10
17773,,,2014-07-10
17812,,,2014-07-10
17841,,,2014-07-10
17843,,,2014-07-10
17918,,,2014-07-10
17920,,,2014-07-10
17922,,,2014-07-10
17924,,,2014-07-10
17926,,,2014-07-10
17928,,,2014-07-10
17930,,,2014-07-10
17932,,,2014-07-10
17982,,,2014-07-10
19470,,,2014-07-10
19720,,,2014-07-10
19722,,,2014-07-10
19724,,,2014-07-10
19726,,,2014-07-10
19744,,,2014-07-10
20059,,,2014-07-10
20060,,,2014-07-10
20061,,,2014-07-10
20062,,,2014-07-10
20063,,,2014-07-10
20064,,,2014-07-10
20065,,,2014-07-10
20066,,,2014-07-10
20125,,,2014-07-10
20175,,,2014-07-10
20183,,,2014-07-10
20185,,,2014-07-10
20187,,,2014-07-10
20189,,,2014-07-10
21097,,,2014-07-10
21628,,,2014-07-10
22428,,,2014-07-10
22430,,,2014-07-10
22436,,,2014-07-10
22440,,,2014-07-10
22442,,,2014-07-10
22444,,,2014-07-10
22446,,,2014-07-10
22448,,,2014-07-10
22452,,,2014-07-10
22456,,,2014-07-10
22460,,,2014-07-10
22464,,,2014-07-10
22466,,,2014-07-10
22468,,,2014-07-10
22470,,,2014-07-10
22474,,,2014-07-10
22544,,,2014-07-10
22546,,,2014-07-10
22548,,,2014-07-10
22634,,,2014-07-10
22852,,,2014-07-10
23055,,,2014-07-10
23057,,,2014-07-10
23059,,,2014-07-10
23061,,,2014-07-10
23757,,,2014-07-10
23773,,,2014-07-10
23911,,,2014-07-10
23913,,,2014-07-10
23915,,,2014-07-10
23917,,,2014-07-10
23919,,,2014-07-10
24483,,,2014-07-10
24567,,,2014-07-10
24574,,,2014-07-10
24575,,,2014-07-10
24646,,,2014-07-10
24653,,,2014-07-10
24654,,,2014-07-10
24655,,,2014-07-10
24656,,,2014-07-10
24657,,,2014-07-10
24658,,,2014-07-10
24659,,,2014-07-10
24660,,,2014-07-10
24684,,,2014-07-10
24688,,,2014-07-10
24690,,,2014-07-10
24692,,,2014-07-10
24694,,,2014-07-10
24696,,,2014-07-10
24698,,,2014-07-10
24700,,,2014-07-10
24702,,,2014-07-10
25270,,,2014-07-10
25271,,,2014-07-10
25280,,,2014-07-10
25305,,,2014-07-10
25821,,,2014-07-10
26888,,,2014-07-10
26890,,,2014-07-10
26892,,,2014-07-10
27299,,,2014-07-10
27301,,,2014-07-10
27303,,,2014-07-10
27305,,,2014-07-10
27530,,,2014-07-10
27532,,,2014-07-10
27533,,,2014-07-10
27535,,,2014-07-10
27536,,,2014-07-10
27538,,,2014-07-10
27539,,,2014-07-10
27540,,,2014-07-10
27542,,,2014-07-10
27544,,,2014-07-10
27545,,,2014-07-10
27547,,,2014-07-10
27548,,,2014-07-10
27550,,,2014-07-10
27551,,,2014-07-10
27553,,,2014-07-10
27554,,,2014-07-10
27556,,,2014-07-10
27557,,,2014-07-10
27559,,,2014-07-10
27560,,,2014-07-10
27562,,,2014-07-10
27563,,,2014-07-10
27565,,,2014-07-10
27567,,,2014-07-10
27569,,,2014-07-10
27570,,,2014-07-10
27573,,,2014-07-10
27574,,,2014-07-10
27576,,,2014-07-10
27577,,,2014-07-10
27579,,,2014-07-10
27580,,,2014-07-10
27582,,,2014-07-10
27583,,,2014-07-10
27585,,,2014-07-10
27589,,,2014-07-10
27591,,,2014-07-10
27592,,,2014-07-10
27594,,,2014-07-10
27595,,,2014-07-10
27597,,,2014-07-10
27598,,,2014-07-10
27600,,,2014-07-10
27601,,,2014-07-10
27603,,,2014-07-10
27604,,,2014-07-10
27606,,,2014-07-10
27607,,,2014-07-10
27609,,,2014-07-10
27610,,,2014-07-10
27612,,,2014-07-10
27613,,,2014-07-10
27615,,,2014-07-10
27616,,,2014-07-10
27618,,,2014-07-10
27619,,,2014-07-10
27621,,,2014-07-10
27622,,,2014-07-10
27624,,,2014-07-10
27625,,,2014-07-10
27627,,,2014-07-10
27628,,,2014-07-10
27630,,,2014-07-10
27631,,,2014-07-10
27633,,,2014-07-10
27634,,,2014-07-10
27636,,,2014-07-10
27638,,,2014-07-10
27640,,,2014-07-10
27641,,,2014-07-10
27643,,,2014-07-10
27644,,,2014-07-10
27646,,,2014-07-10
27647,,,2014-07-10
27649,,,2014-07-10
27650,,,2014-07-10
27652,,,2014-07-10
27653,,,2014-07-10
27655,,,2014-07-10
27672,,,2014-07-10
27673,,,2014-07-10
27674,,,2014-07-10
27675,,,2014-07-10
27766,,,2014-07-10
27767,,,2014-07-10
27768,,,2014-07-10
27769,,,2014-07-10
27770,,,2014-07-10
27771,,,2014-07-10
27772,,,2014-07-10
27773,,,2014-07-10
27774,,,2014-07-10
27775,,,2014-07-10
27776,,,2014-07-10
27777,,,2014-07-10
27778,,,2014-07-10
27779,,,2014-07-10
27780,,,2014-07-10
27782,,,2014-07-10
27784,,,2014-07-10
27786,,,2014-07-10
27788,,,2014-07-10
27790,,,2014-07-10
27855,,,2014-07-10
27856,,,2014-07-10
27857,,,2014-07-10
27858,,,2014-07-10
27897,,,2014-07-10
28351,,,2014-07-10
28352,,,2014-07-10
28606,,,2014-07-10
28659,,,2014-07-10
28661,,,2014-07-10
28665,,,2014-07-10
28710,,,2014-07-10
28770,,,2014-07-10
28772,,,2014-07-10
28774,,,2014-07-10
28844,,,2014-07-10
28846,,,2014-07-10
28848,,,2014-07-10
28850,,,2014-07-10
29248,,,2014-07-10
29266,,,2014-07-10
29336,,,2014-07-10
29337,,,2014-07-10
29340,,,2014-07-10
29344,,,2014-07-10
29613,,,2014-07-10
29984,,,2014-07-10
29986,,,2014-07-10
29988,,,2014-07-10
29990,,,2014-07-10
30389,,,2014-07-10
30655,,,2014-07-10
30656,,,2014-07-10
30842,,,2014-07-10
32226,,,2014-07-10
32245,,,2014-07-10
32250,,,2014-07-10
32305,,,2014-07-10
32307,,,2014-07-10
32309,,,2014-07-10
32311,,,2014-07-10
32325,,,2014-07-10
32340,,,2014-07-10
32342,,,2014-07-10
32344,,,2014-07-10
32458,,,2014-07-10
32788,,,2014-07-10
32790,,,2014-07-10
32811,,,2014-07-10
32840,,,2014-07-10
32842,,,2014-07-10
32844,,,2014-07-10
32846,,,2014-07-10
32848,,,2014-07-10
32872,,,2014-07-10
32874,,,2014-07-10
32876,,,2014-07-10
32878,,,2014-07-10
32880,,,2014-07-10
32983,,,2014-07-10
32985,,,2014-07-10
32987,,,2014-07-10
32989,,,2014-07-10
33079,,,2014-07-10
33081,,,2014-07-10
33083,,,2014-07-10
33099,,,2014-07-10
33149,,,2014-07-10
33151,,,2014-07-10
33153,,,2014-07-10
33155,,,2014-07-10
33157,,,2014-07-10
33190,,,2014-07-10
33328,,,2014-07-10
33395,,,2014-07-10
33397,,,2014-07-10
33468,,,2014-07-10
33470,,,2014-07-10
33472,,,2014-07-10
33474,,,2014-07-10
33475,,,2014-07-10
33476,,,2014-07-10
33477,,,2014-07-10
33513,,,2014-07-10
33520,,,2014-07-10
33522,,,2014-07-10
33581,,,2014-07-10
33583,,,2014-07-10
33585,,,2014-07-10
33589,,,2014-07-10
33591,,,2014-07-10
33595,,,2014-07-10
33608,,,2014-07-10
33610,,,2014-07-10
33623,,,2014-07-10
33625,,,2014-07-10
33627,,,2014-07-10
33629,,,2014-07-10
33631,,,2014-07-10
33633,,,2014-07-10
33635,,,2014-07-10
33637,,,2014-07-10
33639,,,2014-07-10
33641,,,2014-07-10
33643,,,2014-07-10
33645,,,2014-07-10
33647,,,2014-07-10
33649,,,2014-07-10
33651,,,2014-07-10
33653,,,2014-07-10
33655,,,2014-07-10
33657,,,2014-07-10
33659,,,2014-07-10
33661,,,2014-07-10
33663,,,2014-07-10
33665,,,2014-07-10
33667,,,2014-07-10
33669,,,2014-07-10
33673,,,2014-07-10
33675,,,2014-07-10
33677,,,2014-07-10
33683,,,2014-07-10
33687,,,2014-07-10
33689,,,2014-07-10
33691,,,2014-07-10
33693,,,2014-07-10
33695,,,2014-07-10
33697,,,2014-07-10
33700,,,2014-07-10
33702,,,2014-07-10
33816,,,2014-07-10
33818,,,2014-07-10
33820,,,2014-07-10
33867,,,2014-07-10
33869,,,2014-07-10
33871,,,2014-07-10
33873,,,2014-07-10
33875,,,2014-07-10
33877,,,2014-07-10
33879,,,2014-07-10
33881,,,2014-07-10
33883,,,2014-07-10
