type_id,type_name,group_id,snapshot,group_name
582,Bantam,25,20180110,Frigate
583,Condor,25,20180110,Frigate
584,Griffin,25,20180110,Frigate
585,Slasher,25,20180110,Frigate
586,Probe,25,20180110,Frigate
587,Rifter,25,20180110,Frigate
588,Reaper,237,20180110,Corvette
589,Executioner,25,20180110,Frigate
590,Inquisitor,25,20180110,Frigate
591,Tormentor,25,20180110,Frigate
592,Navitas,25,20180110,Frigate
593,Tristan,25,20180110,Frigate
594,Incursus,25,20180110,Frigate
596,Impairor,237,20180110,Corvette
597,Punisher,25,20180110,Frigate
598,Breacher,25,20180110,Frigate
599,Burst,25,20180110,Frigate
601,Ibis,237,20180110,Corvette
602,Kestrel,25,20180110,Frigate
603,Merlin,25,20180110,Frigate
605,Heron,25,20180110,Frigate
606,Velator,237,20180110,Corvette
607,Imicus,25,20180110,Frigate
608,Atron,25,20180110,Frigate
609,Maulus,25,20180110,Frigate
615,Immolator,237,20180110,Corvette
617,Echo,237,20180110,Corvette
620,Osprey,26,20180110,Cruiser
621,Caracal,26,20180110,Cruiser
622,Stabber,26,20180110,Cruiser
623,Moa,26,20180110,Cruiser
624,Maller,26,20180110,Cruiser
625,Augoror,26,20180110,Cruiser
626,Vexor,26,20180110,Cruiser
627,Thorax,26,20180110,Cruiser
628,Arbitrator,26,20180110,Cruiser
629,Rupture,26,20180110,Cruiser
630,Bellicose,26,20180110,Cruiser
631,Scythe,26,20180110,Cruiser
632,Blackbird,26,20180110,Cruiser
633,Celestis,26,20180110,Cruiser
634,Exequror,26,20180110,Cruiser
638,Raven,27,20180110,Battleship
639,Tempest,27,20180110,Battleship
640,Scorpion,27,20180110,Battleship
641,Megathron,27,20180110,Battleship
642,Apocalypse,27,20180110,Battleship
643,Armageddon,27,20180110,Battleship
644,Typhoon,27,20180110,Battleship
645,Dominix,27,20180110,Battleship
648,Badger,28,20180110,Hauler
649,Tayra,28,20180110,Hauler
650,Nereus,28,20180110,Hauler
651,Hoarder,28,20180110,Hauler
652,Mammoth,28,20180110,Hauler
653,Wreathe,28,20180110,Hauler
654,Kryos,28,20180110,Hauler
655,Epithal,28,20180110,Hauler
656,Miasmos,28,20180110,Hauler
657,Iteron Mark V,28,20180110,Hauler
670,Capsule,29,20180110,Capsule
671,Erebus,30,20180110,Titan
672,Caldari Shuttle,31,20180110,Shuttle
1916,Concord SWAT Battleship,27,20180110,Battleship
1944,Bestower,28,20180110,Hauler
2006,Omen,26,20180110,Cruiser
2078,Zephyr,1022,20180110,Prototype Exploration Ship
2161,Crucifier,25,20180110,Frigate
2233,Customs Office,1025,20180110,Orbital Infrastructure
2834,Utu,324,20180110,Assault Frigate
2836,Adrestia,358,20180110,Heavy Assault Cruiser
2863,Primae,28,20180110,Hauler
2948,Shadow,1653,20180110,Heavy Fighter
2998,Noctis,28,20180110,Hauler
3514,Revenant,659,20180110,Supercarrier
3516,Malice,324,20180110,Assault Frigate
3518,Vangel,358,20180110,Heavy Assault Cruiser
3532,Echelon,25,20180110,Frigate
3628,Nation,659,20180110,Supercarrier
3756,Gnosis,419,20180110,Combat Battlecruiser
3764,Leviathan,30,20180110,Titan
3766,Vigil,25,20180110,Frigate
3962,Customs Office Gantry,1106,20180110,Orbital Construction Platform
4005,Scorpion Ishukone Watch,27,20180110,Battleship
4302,Oracle,1201,20180110,Attack Battlecruiser
4306,Naga,1201,20180110,Attack Battlecruiser
4308,Talos,1201,20180110,Attack Battlecruiser
4310,Tornado,1201,20180110,Attack Battlecruiser
4318,InterBus Customs Office,1025,20180110,Orbital Infrastructure
4363,Miasmos Quafe Ultra Edition,28,20180110,Hauler
4388,Miasmos Quafe Ultramarine Edition,28,20180110,Hauler
9854,Polaris Inspector Frigate,237,20180110,Corvette
11019,Cockroach,25,20180110,Frigate
11129,Gallente Shuttle,31,20180110,Shuttle
11132,Minmatar Shuttle,31,20180110,Shuttle
11134,Amarr Shuttle,31,20180110,Shuttle
11172,Helios,830,20180110,Covert Ops
11174,Keres,893,20180110,Electronic Attack Ship
11176,Crow,831,20180110,Interceptor
11178,Raptor,831,20180110,Interceptor
11182,Cheetah,830,20180110,Covert Ops
11184,Crusader,831,20180110,Interceptor
11186,Malediction,831,20180110,Interceptor
11188,Anathema,830,20180110,Covert Ops
11190,Sentinel,893,20180110,Electronic Attack Ship
11192,Buzzard,830,20180110,Covert Ops
11194,Kitsune,893,20180110,Electronic Attack Ship
11196,Claw,831,20180110,Interceptor
11198,Stiletto,831,20180110,Interceptor
11200,Taranis,831,20180110,Interceptor
11202,Ares,831,20180110,Interceptor
11365,Vengeance,324,20180110,Assault Frigate
11371,Wolf,324,20180110,Assault Frigate
11377,Nemesis,834,20180110,Stealth Bomber
11379,Hawk,324,20180110,Assault Frigate
11381,Harpy,324,20180110,Assault Frigate
11387,Hyena,893,20180110,Electronic Attack Ship
11393,Retribution,324,20180110,Assault Frigate
11400,Jaguar,324,20180110,Assault Frigate
11567,Avatar,30,20180110,Titan
11940,Gold Magnate,25,20180110,Frigate
11942,Silver Magnate,25,20180110,Frigate
11957,Falcon,833,20180110,Force Recon Ship
11959,Rook,906,20180110,Combat Recon Ship
11961,Huginn,906,20180110,Combat Recon Ship
11963,Rapier,833,20180110,Force Recon Ship
11965,Pilgrim,833,20180110,Force Recon Ship
11969,Arazu,833,20180110,Force Recon Ship
11971,Lachesis,906,20180110,Combat Recon Ship
11978,Scimitar,832,20180110,Logistics
11985,Basilisk,832,20180110,Logistics
11987,Guardian,832,20180110,Logistics
11989,Oneiros,832,20180110,Logistics
11993,Cerberus,358,20180110,Heavy Assault Cruiser
11995,Onyx,894,20180110,Heavy Interdiction Cruiser
11999,Vagabond,358,20180110,Heavy Assault Cruiser
12003,Zealot,358,20180110,Heavy Assault Cruiser
12005,Ishtar,358,20180110,Heavy Assault Cruiser
12011,Eagle,358,20180110,Heavy Assault Cruiser
12013,Broadsword,894,20180110,Heavy Interdiction Cruiser
12015,Muninn,358,20180110,Heavy Assault Cruiser
12017,Devoter,894,20180110,Heavy Interdiction Cruiser
12019,Sacrilege,358,20180110,Heavy Assault Cruiser
12021,Phobos,894,20180110,Heavy Interdiction Cruiser
12023,Deimos,358,20180110,Heavy Assault Cruiser
12032,Manticore,834,20180110,Stealth Bomber
12034,Hound,834,20180110,Stealth Bomber
12038,Purifier,834,20180110,Stealth Bomber
12042,Ishkur,324,20180110,Assault Frigate
12044,Enyo,324,20180110,Assault Frigate
12198,Mobile Small Warp Disruptor I,361,20180110,Mobile Warp Disruptor
12199,Mobile Medium Warp Disruptor I,361,20180110,Mobile Warp Disruptor
12200,Mobile Large Warp Disruptor I,361,20180110,Mobile Warp Disruptor
12235,Amarr Control Tower,365,20180110,Control Tower
12236,Gallente Control Tower,365,20180110,Control Tower
12237,Ship Maintenance Array,363,20180110,Ship Maintenance Array
12238,Reprocessing Array,311,20180110,Reprocessing Array
12239,Compression Array,1282,20180110,Compression Array
12729,Crane,1202,20180110,Blockade Runner
12731,Bustard,380,20180110,Deep Space Transport
12733,Prorator,1202,20180110,Blockade Runner
12735,Prowler,1202,20180110,Blockade Runner
12743,Viator,1202,20180110,Blockade Runner
12745,Occator,380,20180110,Deep Space Transport
12747,Mastodon,380,20180110,Deep Space Transport
12753,Impel,380,20180110,Deep Space Transport
13780,Equipment Assembly Array,397,20180110,Assembly Array
14343,Silo,404,20180110,Silo
16213,Caldari Control Tower,365,20180110,Control Tower
16214,Minmatar Control Tower,365,20180110,Control Tower
16216,Research Laboratory,413,20180110,Laboratory
16217,Small Auxiliary Power Array,414,20180110,Mobile Power Core
16220,Rapid Equipment Assembly Array,397,20180110,Assembly Array
16221,Moon Harvesting Array,416,20180110,Moon Mining
16227,Ferox,419,20180110,Combat Battlecruiser
16229,Brutix,419,20180110,Combat Battlecruiser
16231,Cyclone,419,20180110,Combat Battlecruiser
16233,Prophecy,419,20180110,Combat Battlecruiser
16236,Coercer,420,20180110,Destroyer
16238,Cormorant,420,20180110,Destroyer
16240,Catalyst,420,20180110,Destroyer
16242,Thrasher,420,20180110,Destroyer
16631,Small Artillery Battery,426,20180110,Mobile Projectile Sentry
16688,Medium Artillery Battery,426,20180110,Mobile Projectile Sentry
16689,Large Artillery Battery,426,20180110,Mobile Projectile Sentry
16690,Small Railgun Battery,449,20180110,Mobile Hybrid Sentry
16691,Medium Railgun Battery,449,20180110,Mobile Hybrid Sentry
16692,Large Railgun Battery,449,20180110,Mobile Hybrid Sentry
16694,Large Beam Laser Battery,430,20180110,Mobile Laser Sentry
16696,Cruise Missile Battery,417,20180110,Mobile Missile Sentry
16697,Torpedo Battery,417,20180110,Mobile Missile Sentry
16869,Complex Reactor Array,438,20180110,Mobile Reactor
17167,Small Beam Laser Battery,430,20180110,Mobile Laser Sentry
17168,Medium Beam Laser Battery,430,20180110,Mobile Laser Sentry
17174,Ion Field Projection Battery,439,20180110,Electronic Warfare Battery
17175,Phase Inversion Battery,439,20180110,Electronic Warfare Battery
17176,Spatial Destabilization Battery,439,20180110,Electronic Warfare Battery
17177,White Noise Generation Battery,439,20180110,Electronic Warfare Battery
17178,Stasis Webification Battery,441,20180110,Stasis Webification Battery
17180,Sensor Dampening Battery,440,20180110,Sensor Dampening Battery
17181,Warp Disruption Battery,443,20180110,Warp Scrambling Battery
17182,Warp Scrambling Battery,443,20180110,Warp Scrambling Battery
17184,Ballistic Deflection Array,444,20180110,Shield Hardening Array
17185,Explosion Dampening Array,444,20180110,Shield Hardening Array
17186,Heat Dissipation Array,444,20180110,Shield Hardening Array
17187,Photon Scattering Array,444,20180110,Shield Hardening Array
17402,Large Blaster Battery,449,20180110,Mobile Hybrid Sentry
17403,Medium Blaster Battery,449,20180110,Mobile Hybrid Sentry
17404,Small Blaster Battery,449,20180110,Mobile Hybrid Sentry
17406,Large Pulse Laser Battery,430,20180110,Mobile Laser Sentry
17407,Medium Pulse Laser Battery,430,20180110,Mobile Laser Sentry
17408,Small Pulse Laser Battery,430,20180110,Mobile Laser Sentry
17476,Covetor,463,20180110,Mining Barge
17478,Retriever,463,20180110,Mining Barge
17480,Procurer,463,20180110,Mining Barge
17619,Caldari Navy Hookbill,25,20180110,Frigate
17621,Corporate Hangar Array,471,20180110,Corporate Hangar Array
17634,Caracal Navy Issue,26,20180110,Cruiser
17636,Raven Navy Issue,27,20180110,Battleship
17701,Tracking Array,473,20180110,Tracking Array
17703,Imperial Navy Slicer,25,20180110,Frigate
17709,Omen Navy Issue,26,20180110,Cruiser
17713,Stabber Fleet Issue,26,20180110,Cruiser
17715,Gila,26,20180110,Cruiser
17718,Phantasm,26,20180110,Cruiser
17720,Cynabal,26,20180110,Cruiser
17722,Vigilant,26,20180110,Cruiser
17726,Apocalypse Navy Issue,27,20180110,Battleship
17728,Megathron Navy Issue,27,20180110,Battleship
17732,Tempest Fleet Issue,27,20180110,Battleship
17736,Nightmare,27,20180110,Battleship
17738,Machariel,27,20180110,Battleship
17740,Vindicator,27,20180110,Battleship
17770,Large AutoCannon Battery,426,20180110,Mobile Projectile Sentry
17771,Medium AutoCannon Battery,426,20180110,Mobile Projectile Sentry
17772,Small AutoCannon Battery,426,20180110,Mobile Projectile Sentry
17773,XL Torpedo Battery,417,20180110,Mobile Missile Sentry
17812,Republic Fleet Firetail,25,20180110,Frigate
17841,Federation Navy Comet,25,20180110,Frigate
17843,Vexor Navy Issue,26,20180110,Cruiser
17918,Rattlesnake,27,20180110,Battleship
17920,Bhaalgorn,27,20180110,Battleship
17922,Ashimmu,26,20180110,Cruiser
17924,Succubus,25,20180110,Frigate
17926,Cruor,25,20180110,Frigate
17928,Daredevil,25,20180110,Frigate
17930,Worm,25,20180110,Frigate
17932,Dramiel,25,20180110,Frigate
17982,Coupling Array,404,20180110,Silo
19470,Intensive Reprocessing Array,311,20180110,Reprocessing Array
19720,Revelation,485,20180110,Dreadnought
19722,Naglfar,485,20180110,Dreadnought
19724,Moros,485,20180110,Dreadnought
19726,Phoenix,485,20180110,Dreadnought
19744,Sigil,28,20180110,Hauler
20059,Amarr Control Tower Medium,365,20180110,Control Tower
20060,Amarr Control Tower Small,365,20180110,Control Tower
20061,Caldari Control Tower Medium,365,20180110,Control Tower
20062,Caldari Control Tower Small,365,20180110,Control Tower
20063,Gallente Control Tower Medium,365,20180110,Control Tower
20064,Gallente Control Tower Small,365,20180110,Control Tower
20065,Minmatar Control Tower Medium,365,20180110,Control Tower
20066,Minmatar Control Tower Small,365,20180110,Control Tower
20125,Curse,906,20180110,Combat Recon Ship
20175,Simple Reactor Array,438,20180110,Mobile Reactor
20183,Providence,513,20180110,Freighter
20185,Charon,513,20180110,Freighter
20187,Obelisk,513,20180110,Freighter
20189,Fenrir,513,20180110,Freighter
21097,Goru's Shuttle,31,20180110,Shuttle
21628,Guristas Shuttle,31,20180110,Shuttle
22428,Redeemer,898,20180110,Black Ops
22430,Sin,898,20180110,Black Ops
22436,Widow,898,20180110,Black Ops
22440,Panther,898,20180110,Black Ops
22442,Eos,540,20180110,Command Ship
22444,Sleipnir,540,20180110,Command Ship
22446,Vulture,540,20180110,Command Ship
22448,Absolution,540,20180110,Command Ship
22452,Heretic,541,20180110,Interdictor
22456,Sabre,541,20180110,Interdictor
22460,Eris,541,20180110,Interdictor
22464,Flycatcher,541,20180110,Interdictor
22466,Astarte,540,20180110,Command Ship
22468,Claymore,540,20180110,Command Ship
22470,Nighthawk,540,20180110,Command Ship
22474,Damnation,540,20180110,Command Ship
22544,Hulk,543,20180110,Exhumer
22546,Skiff,543,20180110,Exhumer
22548,Mackinaw,543,20180110,Exhumer
22634,Medium Biochemical Reactor Array,438,20180110,Mobile Reactor
22852,Hel,659,20180110,Supercarrier
23055,Templar I,1652,20180110,Light Fighter
23057,Dragonfly I,1652,20180110,Light Fighter
23059,Firbolg I,1652,20180110,Light Fighter
23061,Einherji I,1652,20180110,Light Fighter
23757,Archon,547,20180110,Carrier
23773,Ragnarok,30,20180110,Titan
23911,Thanatos,547,20180110,Carrier
23913,Nyx,659,20180110,Supercarrier
23915,Chimera,547,20180110,Carrier
23917,Wyvern,659,20180110,Supercarrier
23919,Aeon,659,20180110,Supercarrier
24483,Nidhoggur,547,20180110,Carrier
24567,Experimental Laboratory,413,20180110,Laboratory
24574,Small Ship Assembly Array,397,20180110,Assembly Array
24575,Supercapital Ship Assembly Array,397,20180110,Assembly Array
24646,X-Large Ship Maintenance Array,363,20180110,Ship Maintenance Array
24653,Advanced Small Ship Assembly Array,397,20180110,Assembly Array
24654,Medium Ship Assembly Array,397,20180110,Assembly Array
24655,Advanced Medium Ship Assembly Array,397,20180110,Assembly Array
24656,Capital Ship Assembly Array,397,20180110,Assembly Array
24657,Advanced Large Ship Assembly Array,397,20180110,Assembly Array
24658,Ammunition Assembly Array,397,20180110,Assembly Array
24659,Drone Assembly Array,397,20180110,Assembly Array
24660,Component Assembly Array,397,20180110,Assembly Array
24684,Biochemical Reactor Array,438,20180110,Mobile Reactor
24688,Rokh,27,20180110,Battleship
24690,Hyperion,27,20180110,Battleship
24692,Abaddon,27,20180110,Battleship
24694,Maelstrom,27,20180110,Battleship
24696,Harbinger,419,20180110,Combat Battlecruiser
24698,Drake,419,20180110,Combat Battlecruiser
24700,Myrmidon,419,20180110,Combat Battlecruiser
24702,Hurricane,419,20180110,Combat Battlecruiser
25270,Biochemical Silo,404,20180110,Silo
25271,Catalyst Silo,404,20180110,Silo
25280,Hazardous Chemical Silo,404,20180110,Silo
25305,Drug Lab,397,20180110,Assembly Array
25821,General Storage,404,20180110,Silo
26888,Mobile Large Warp Disruptor II,361,20180110,Mobile Warp Disruptor
26890,Mobile Medium Warp Disruptor II,361,20180110,Mobile Warp Disruptor
26892,Mobile Small Warp Disruptor II,361,20180110,Mobile Warp Disruptor
27299,Civilian Amarr Shuttle,31,20180110,Shuttle
27301,Civilian Caldari Shuttle,31,20180110,Shuttle
27303,Civilian Gallente Shuttle,31,20180110,Shuttle
27305,Civilian Minmatar Shuttle,31,20180110,Shuttle
27530,Blood Control Tower,365,20180110,Control Tower
27532,Dark Blood Control Tower,365,20180110,Control Tower
27533,Guristas Control Tower,365,20180110,Control Tower
27535,Dread Guristas Control Tower,365,20180110,Control Tower
27536,Serpentis Control Tower,365,20180110,Control Tower
27538,Shadow Control Tower,365,20180110,Control Tower
27539,Angel Control Tower,365,20180110,Control Tower
27540,Domination Control Tower,365,20180110,Control Tower
27542,Serpentis Large Blaster Battery,449,20180110,Mobile Hybrid Sentry
27544,Shadow Large Blaster Battery,449,20180110,Mobile Hybrid Sentry
27545,Serpentis Large Railgun Battery,449,20180110,Mobile Hybrid Sentry
27547,Shadow Large Railgun Battery,449,20180110,Mobile Hybrid Sentry
27548,Blood Large Pulse Laser Battery,430,20180110,Mobile Laser Sentry
27550,Dark Blood Large Pulse Laser Battery,430,20180110,Mobile Laser Sentry
27551,Blood Large Beam Laser Battery,430,20180110,Mobile Laser Sentry
27553,Dark Blood Large Beam Laser Battery,430,20180110,Mobile Laser Sentry
27554,Angel Large AutoCannon Battery,426,20180110,Mobile Projectile Sentry
27556,Domination Large AutoCannon Battery,426,20180110,Mobile Projectile Sentry
27557,Angel Large Artillery Battery,426,20180110,Mobile Projectile Sentry
27559,Domination Large Artillery Battery,426,20180110,Mobile Projectile Sentry
27560,Guristas XL Torpedo Battery,417,20180110,Mobile Missile Sentry
27562,Dread Guristas XL Torpedo Battery,417,20180110,Mobile Missile Sentry
27563,Serpentis Warp Disruption Battery,443,20180110,Warp Scrambling Battery
27565,Shadow Warp Disruption Battery,443,20180110,Warp Scrambling Battery
27567,Serpentis Warp Scrambling Battery,443,20180110,Warp Scrambling Battery
27569,Shadow Warp Scrambling Battery,443,20180110,Warp Scrambling Battery
27570,Angel Stasis Webification Battery,441,20180110,Stasis Webification Battery
27573,Domination Stasis Webification Battery,441,20180110,Stasis Webification Battery
27574,Guristas Ion Field Projection Battery,439,20180110,Electronic Warfare Battery
27576,Dread Guristas Ion Field Projection Battery,439,20180110,Electronic Warfare Battery
27577,Guristas Phase Inversion Battery,439,20180110,Electronic Warfare Battery
27579,Dread Guristas Phase Inversion Battery,439,20180110,Electronic Warfare Battery
27580,Guristas Spatial Destabilization Battery,439,20180110,Electronic Warfare Battery
27582,Dread Guristas Spatial Destabilization Battery,439,20180110,Electronic Warfare Battery
27583,Guristas White Noise Generation Battery,439,20180110,Electronic Warfare Battery
27585,Dread Guristas White Noise Generation Battery,439,20180110,Electronic Warfare Battery
27589,Blood Control Tower Medium,365,20180110,Control Tower
27591,Dark Blood Control Tower Medium,365,20180110,Control Tower
27592,Blood Control Tower Small,365,20180110,Control Tower
27594,Dark Blood Control Tower Small,365,20180110,Control Tower
27595,Guristas Control Tower Medium,365,20180110,Control Tower
27597,Dread Guristas Control Tower Medium,365,20180110,Control Tower
27598,Guristas Control Tower Small,365,20180110,Control Tower
27600,Dread Guristas Control Tower Small,365,20180110,Control Tower
27601,Serpentis Control Tower Medium,365,20180110,Control Tower
27603,Shadow Control Tower Medium,365,20180110,Control Tower
27604,Serpentis Control Tower Small,365,20180110,Control Tower
27606,Shadow Control Tower Small,365,20180110,Control Tower
27607,Angel Control Tower Medium,365,20180110,Control Tower
27609,Domination Control Tower Medium,365,20180110,Control Tower
27610,Angel Control Tower Small,365,20180110,Control Tower
27612,Domination Control Tower Small,365,20180110,Control Tower
27613,Serpentis Medium Blaster Battery,449,20180110,Mobile Hybrid Sentry
27615,Shadow Medium Blaster Battery,449,20180110,Mobile Hybrid Sentry
27616,Serpentis Medium Railgun Battery,449,20180110,Mobile Hybrid Sentry
27618,Shadow Medium Railgun Battery,449,20180110,Mobile Hybrid Sentry
27619,Serpentis Small Blaster Battery,449,20180110,Mobile Hybrid Sentry
27621,Shadow Small Blaster Battery,449,20180110,Mobile Hybrid Sentry
27622,Serpentis Small Railgun Battery,449,20180110,Mobile Hybrid Sentry
27624,Shadow Small Railgun Battery,449,20180110,Mobile Hybrid Sentry
27625,Blood Medium Beam Laser Battery,430,20180110,Mobile Laser Sentry
27627,Dark Blood Medium Beam Laser Battery,430,20180110,Mobile Laser Sentry
27628,Blood Medium Pulse Laser Battery,430,20180110,Mobile Laser Sentry
27630,Dark Blood Medium Pulse Laser Battery,430,20180110,Mobile Laser Sentry
27631,Blood Small Beam Laser Battery,430,20180110,Mobile Laser Sentry
27633,Dark Blood Small Beam Laser Battery,430,20180110,Mobile Laser Sentry
27634,Blood Small Pulse Laser Battery,430,20180110,Mobile Laser Sentry
27636,Dark Blood Small Pulse Laser Battery,430,20180110,Mobile Laser Sentry
27638,Guristas Cruise Missile Battery,417,20180110,Mobile Missile Sentry
27640,Dread Guristas Cruise Missile Battery,417,20180110,Mobile Missile Sentry
27641,Guristas Torpedo Battery,417,20180110,Mobile Missile Sentry
27643,Dread Guristas Torpedo Battery,417,20180110,Mobile Missile Sentry
27644,Angel Medium Artillery Battery,426,20180110,Mobile Projectile Sentry
27646,Domination Medium Artillery Battery,426,20180110,Mobile Projectile Sentry
27647,Angel Medium AutoCannon Battery,426,20180110,Mobile Projectile Sentry
27649,Domination Medium AutoCannon Battery,426,20180110,Mobile Projectile Sentry
27650,Angel Small Artillery Battery,426,20180110,Mobile Projectile Sentry
27652,Domination Small Artillery Battery,426,20180110,Mobile Projectile Sentry
27653,Angel Small AutoCannon Battery,426,20180110,Mobile Projectile Sentry
27655,Domination Small AutoCannon Battery,426,20180110,Mobile Projectile Sentry
27672,Energy Neutralizing Battery,837,20180110,Energy Neutralizing Battery
27673,Cynosural Generator Array,838,20180110,Cynosural Generator Array
27674,Cynosural System Jammer,839,20180110,Cynosural System Jammer
27675,System Scanning Array,709,20180110,Scanner Array
27766,Sansha Large Beam Laser Battery,430,20180110,Mobile Laser Sentry
27767,Sansha Large Pulse Laser Battery,430,20180110,Mobile Laser Sentry
27768,Sansha Medium Beam Laser Battery,430,20180110,Mobile Laser Sentry
27769,Sansha Medium Pulse Laser Battery,430,20180110,Mobile Laser Sentry
27770,Sansha Small Beam Laser Battery,430,20180110,Mobile Laser Sentry
27771,Sansha Small Pulse Laser Battery,430,20180110,Mobile Laser Sentry
27772,True Sansha Large Beam Laser Battery,430,20180110,Mobile Laser Sentry
27773,True Sansha Large Pulse Laser Battery,430,20180110,Mobile Laser Sentry
27774,True Sansha Medium Beam Laser Battery,430,20180110,Mobile Laser Sentry
27775,True Sansha Medium Pulse Laser Battery,430,20180110,Mobile Laser Sentry
27776,True Sansha Small Beam Laser Battery,430,20180110,Mobile Laser Sentry
27777,True Sansha Small Pulse Laser Battery,430,20180110,Mobile Laser Sentry
27778,Serpentis Sensor Dampening Battery,440,20180110,Sensor Dampening Battery
27779,Shadow Sensor Dampening Battery,440,20180110,Sensor Dampening Battery
27780,Sansha Control Tower,365,20180110,Control Tower
27782,Sansha Control Tower Medium,365,20180110,Control Tower
27784,Sansha Control Tower Small,365,20180110,Control Tower
27786,True Sansha Control Tower,365,20180110,Control Tower
27788,True Sansha Control Tower Medium,365,20180110,Control Tower
27790,True Sansha Control Tower Small,365,20180110,Control Tower
27855,Sansha Energy Neutralizing Battery,837,20180110,Energy Neutralizing Battery
27856,True Sansha Energy Neutralizing Battery,837,20180110,Energy Neutralizing Battery
27857,Blood Energy Neutralizing Battery,837,20180110,Energy Neutralizing Battery
27858,Dark Blood Energy Neutralizing Battery,837,20180110,Energy Neutralizing Battery
27897,Jump Bridge,707,20180110,Jump Portal Array
28351,Design Laboratory,413,20180110,Laboratory
28352,Rorqual,883,20180110,Capital Industrial Ship
28606,Orca,941,20180110,Industrial Command Ship
28659,Paladin,900,20180110,Marauder
28661,Kronos,900,20180110,Marauder
28665,Vargur,900,20180110,Marauder
28710,Golem,900,20180110,Marauder
28770,Syndicate Mobile Large Warp Disruptor,361,20180110,Mobile Warp Disruptor
28772,Syndicate Mobile Medium Warp Disruptor,361,20180110,Mobile Warp Disruptor
28774,Syndicate Mobile Small Warp Disruptor,361,20180110,Mobile Warp Disruptor
28844,Rhea,902,20180110,Jump Freighter
28846,Nomad,902,20180110,Jump Freighter
28848,Anshar,902,20180110,Jump Freighter
28850,Ark,902,20180110,Jump Freighter
29248,Magnate,25,20180110,Frigate
29266,Apotheosis,31,20180110,Shuttle
29336,Scythe Fleet Issue,26,20180110,Cruiser
29337,Augoror Navy Issue,26,20180110,Cruiser
29340,Osprey Navy Issue,26,20180110,Cruiser
29344,Exequror Navy Issue,26,20180110,Cruiser
29613,Large Ship Assembly Array,397,20180110,Assembly Array
29984,Tengu,963,20180110,Strategic Cruiser
29986,Legion,963,20180110,Strategic Cruiser
29988,Proteus,963,20180110,Strategic Cruiser
29990,Loki,963,20180110,Strategic Cruiser
30389,Subsystem Assembly Array,397,20180110,Assembly Array
30655,Hybrid Polymer Silo,404,20180110,Silo
30656,Polymer Reactor Array,438,20180110,Mobile Reactor
30842,InterBus Shuttle,31,20180110,Shuttle
32226,Territorial Claim Unit,1003,20180110,Territorial Claim Unit
32245,Hyasyoda Research Laboratory,413,20180110,Laboratory
32250,Sovereignty Blockade Unit,1005,20180110,Sovereignty Blockade Unit
32305,Armageddon Navy Issue,27,20180110,Battleship
32307,Dominix Navy Issue,27,20180110,Battleship
32309,Scorpion Navy Issue,27,20180110,Battleship
32311,Typhoon Fleet Issue,27,20180110,Battleship
32325,Cyclops I,1653,20180110,Heavy Fighter
32340,Malleus I,1653,20180110,Heavy Fighter
32342,Tyrfing I,1653,20180110,Heavy Fighter
32344,Mantis I,1653,20180110,Heavy Fighter
32458,Infrastructure Hub,1012,20180110,Infrastructure Hub
32788,Cambion,324,20180110,Assault Frigate
32790,Etana,832,20180110,Logistics
32811,Miasmos Amastris Edition,28,20180110,Hauler
32840,InterBus Catalyst,420,20180110,Destroyer
32842,Intaki Syndicate Catalyst,420,20180110,Destroyer
32844,Inner Zone Shipping Catalyst,420,20180110,Destroyer
32846,Quafe Catalyst,420,20180110,Destroyer
32848,Aliastra Catalyst,420,20180110,Destroyer
32872,Algos,420,20180110,Destroyer
32874,Dragoon,420,20180110,Destroyer
32876,Corax,420,20180110,Destroyer
32878,Talwar,420,20180110,Destroyer
32880,Venture,25,20180110,Frigate
32983,Sukuuvestaa Heron,25,20180110,Frigate
32985,Inner Zone Shipping Imicus,25,20180110,Frigate
32987,Sarum Magnate,25,20180110,Frigate
32989,Vherokior Probe,25,20180110,Frigate
33079,Hematos,237,20180110,Corvette
33081,Taipan,237,20180110,Corvette
33083,Violator,237,20180110,Corvette
33099,Nefantar Thrasher,420,20180110,Destroyer
33149,Personal Hangar Array,1212,20180110,Personal Hangar
33151,Brutix Navy Issue,419,20180110,Combat Battlecruiser
33153,Drake Navy Issue,419,20180110,Combat Battlecruiser
33155,Harbinger Navy Issue,419,20180110,Combat Battlecruiser
33157,Hurricane Fleet Issue,419,20180110,Combat Battlecruiser
33190,Tash-Murkon Magnate,25,20180110,Frigate
33328,Capsule - Genolution 'Auroral' 197-variant,29,20180110,Capsule
33395,Moracha,833,20180110,Force Recon Ship
33397,Chremoas,830,20180110,Covert Ops
33468,Astero,25,20180110,Frigate
33470,Stratios,26,20180110,Cruiser
33472,Nestor,27,20180110,Battleship
33474,Mobile Depot,1246,20180110,Mobile Depot
33475,Mobile Tractor Unit,1250,20180110,Mobile Tractor Unit
33476,Mobile Cynosural Inhibitor,1249,20180110,Mobile Cyno Inhibitor
33477,Small Mobile Siphon Unit,1247,20180110,Mobile Siphon Unit
33513,Leopard,31,20180110,Shuttle
33520,'Wetu' Mobile Depot,1246,20180110,Mobile Depot
33522,'Yurt' Mobile Depot,1246,20180110,Mobile Depot
33581,Small Mobile 'Hybrid' Siphon Unit,1247,20180110,Mobile Siphon Unit
33583,Small Mobile 'Rote' Siphon Unit,1247,20180110,Mobile Siphon Unit
33585,Amarr Encounter Surveillance System,1273,20180110,Encounter Surveillance System
33589,Mobile Scan Inhibitor,1275,20180110,Mobile Scan Inhibitor
33591,Mobile Micro Jump Unit,1276,20180110,Mobile Micro Jump Unit
33595,Caldari Encounter Surveillance System,1273,20180110,Encounter Surveillance System
33608,Gallente Encounter Surveillance System,1273,20180110,Encounter Surveillance System
33610,Minmatar Encounter Surveillance System,1273,20180110,Encounter Surveillance System
33623,Abaddon Tash-Murkon Edition,27,20180110,Battleship
33625,Abaddon Kador Edition,27,20180110,Battleship
33627,Rokh Nugoeihuvi Edition,27,20180110,Battleship
33629,Rokh Wiyrkomi Edition,27,20180110,Battleship
33631,Maelstrom Nefantar Edition,27,20180110,Battleship
33633,Maelstrom Krusual Edition,27,20180110,Battleship
33635,Hyperion Aliastra Edition,27,20180110,Battleship
33637,Hyperion Inner Zone Shipping Edition,27,20180110,Battleship
33639,Omen Kador Edition,26,20180110,Cruiser
33641,Omen Tash-Murkon Edition,26,20180110,Cruiser
33643,Caracal Nugoeihuvi Edition,26,20180110,Cruiser
33645,Caracal Wiyrkomi Edition,26,20180110,Cruiser
33647,Stabber Nefantar Edition,26,20180110,Cruiser
33649,Stabber Krusual Edition,26,20180110,Cruiser
33651,Thorax Aliastra Edition,26,20180110,Cruiser
33653,Thorax Inner Zone Shipping Edition,26,20180110,Cruiser
33655,Punisher Kador Edition,25,20180110,Frigate
33657,Punisher Tash-Murkon Edition,25,20180110,Frigate
33659,Merlin Nugoeihuvi Edition,25,20180110,Frigate
33661,Merlin Wiyrkomi Edition,25,20180110,Frigate
33663,Rifter Nefantar Edition,25,20180110,Frigate
33665,Rifter Krusual Edition,25,20180110,Frigate
33667,Incursus Aliastra Edition,25,20180110,Frigate
33669,Incursus Inner Zone Shipping Edition,25,20180110,Frigate
33673,Whiptail,831,20180110,Interceptor
33675,Chameleon,833,20180110,Force Recon Ship
33677,Police Pursuit Comet,25,20180110,Frigate
33683,Mackinaw ORE Development Edition,543,20180110,Exhumer
33687,Rorqual ORE Development Edition,883,20180110,Capital Industrial Ship
33689,Iteron Inner Zone Shipping Edition,28,20180110,Hauler
33691,Tayra Wiyrkomi Edition,28,20180110,Hauler
33693,Mammoth Nefantar Edition,28,20180110,Hauler
33695,Bestower Tash-Murkon Edition,28,20180110,Hauler
33697,Prospect,1283,20180110,Expedition Frigate
33700,'Packrat' Mobile Tractor Unit,1250,20180110,Mobile Tractor Unit
33702,'Magpie' Mobile Tractor Unit,1250,20180110,Mobile Tractor Unit
33816,Garmur,25,20180110,Frigate
33818,Orthrus,26,20180110,Cruiser
33820,Barghest,27,20180110,Battleship
33867,Thukker Component Assembly Array,397,20180110,Assembly Array
33869,Brutix Serpentis Edition,419,20180110,Combat Battlecruiser
33871,Cyclone Thukker Tribe Edition,419,20180110,Combat Battlecruiser
33873,Ferox Guristas Edition,419,20180110,Combat Battlecruiser
33875,Prophecy Blood Raiders Edition,419,20180110,Combat Battlecruiser
33877,Catalyst Serpentis Edition,420,20180110,Destroyer
33879,Coercer Blood Raiders Edition,420,20180110,Destroyer
33881,Cormorant Guristas Edition,420,20180110,Destroyer
33883,Thrasher Thukker Tribe Edition,420,20180110,Destroyer
34118,Megathron Quafe Edition,27,20180110,Battleship
34151,Rattlesnake Victory Edition,27,20180110,Battleship
34317,Confessor,1305,20180110,Tactical Destroyer
34328,Bowhead,513,20180110,Freighter
34339,Moros Interbus Edition,485,20180110,Dreadnought
34341,Naglfar Justice Edition,485,20180110,Dreadnought
34343,Phoenix Wiyrkomi Edition,485,20180110,Dreadnought
34345,Revelation Sarum Edition,485,20180110,Dreadnought
34441,Dominix Quafe Edition,27,20180110,Battleship
34443,Tristan Quafe Edition,25,20180110,Frigate
34445,Vexor Quafe Edition,26,20180110,Cruiser
34496,Council Diplomatic Shuttle,31,20180110,Shuttle
34562,Svipul,1305,20180110,Tactical Destroyer
34590,Victorieux Luxury Yacht,26,20180110,Cruiser
34828,Jackdaw,1305,20180110,Tactical Destroyer
35683,Hecate,1305,20180110,Tactical Destroyer
35779,Imp,831,20180110,Interceptor
35781,Fiend,894,20180110,Heavy Interdiction Cruiser
35825,Raitaru,1404,20180110,Engineering Complex
35826,Azbel,1404,20180110,Engineering Complex
35827,Sotiyo,1404,20180110,Engineering Complex
35832,Astrahus,1657,20180110,Citadel
35833,Fortizar,1657,20180110,Citadel
35834,Keepstar,1657,20180110,Citadel
35835,Athanor,1406,20180110,Refinery
35836,Tatara,1406,20180110,Refinery
35840,Medium Stargate,1408,20180110,Upwell Jump Gate
35841,X-Large Stargate,1408,20180110,Upwell Jump Gate
37135,Endurance,1283,20180110,Expedition Frigate
37453,Crucifier Navy Issue,25,20180110,Frigate
37454,Vigil Fleet Issue,25,20180110,Frigate
37455,Griffin Navy Issue,25,20180110,Frigate
37456,Maulus Navy Issue,25,20180110,Frigate
37457,Deacon,1527,20180110,Logistics Frigate
37458,Kirin,1527,20180110,Logistics Frigate
37459,Thalia,1527,20180110,Logistics Frigate
37460,Scalpel,1527,20180110,Logistics Frigate
37480,Bifrost,1534,20180110,Command Destroyer
37481,Pontifex,1534,20180110,Command Destroyer
37482,Stork,1534,20180110,Command Destroyer
37483,Magus,1534,20180110,Command Destroyer
37534,Large Stargate,1408,20180110,Upwell Jump Gate
37599,Cenobite I,1537,20180110,Support Fighter
37604,Apostle,1538,20180110,Force Auxiliary
37605,Minokawa,1538,20180110,Force Auxiliary
37606,Lif,1538,20180110,Force Auxiliary
37607,Ninazu,1538,20180110,Force Auxiliary
40345,Scarab I,1537,20180110,Support Fighter
40346,Siren I,1537,20180110,Support Fighter
40347,Dromi I,1537,20180110,Support Fighter
40358,Equite I,1652,20180110,Light Fighter
40359,Locust I,1652,20180110,Light Fighter
40360,Satyr I,1652,20180110,Light Fighter
40361,Gram I,1652,20180110,Light Fighter
40362,Ametat I,1653,20180110,Heavy Fighter
40363,Termite I,1653,20180110,Heavy Fighter
40364,Antaeus I,1653,20180110,Heavy Fighter
40365,Gungnir I,1653,20180110,Heavy Fighter
40552,Equite II,1652,20180110,Light Fighter
40553,Gram II,1652,20180110,Light Fighter
40554,Locust II,1652,20180110,Light Fighter
40555,Satyr II,1652,20180110,Light Fighter
40556,Templar II,1652,20180110,Light Fighter
40557,Dragonfly II,1652,20180110,Light Fighter
40558,Firbolg II,1652,20180110,Light Fighter
40559,Einherji II,1652,20180110,Light Fighter
40560,Ametat II,1653,20180110,Heavy Fighter
40561,Malleus II,1653,20180110,Heavy Fighter
40562,Antaeus II,1653,20180110,Heavy Fighter
40563,Cyclops II,1653,20180110,Heavy Fighter
40564,Gungnir II,1653,20180110,Heavy Fighter
40565,Tyrfing II,1653,20180110,Heavy Fighter
40566,Termite II,1653,20180110,Heavy Fighter
40567,Mantis II,1653,20180110,Heavy Fighter
40568,Cenobite II,1537,20180110,Support Fighter
40569,Scarab II,1537,20180110,Support Fighter
40570,Siren II,1537,20180110,Support Fighter
40571,Dromi II,1537,20180110,Support Fighter
41030,'Excavator' Mining Drone,101,20180110,Mining Drone
42124,Vehement,485,20180110,Dreadnought
42125,Vendetta,659,20180110,Supercarrier
42126,Vanquisher,30,20180110,Titan
42241,Molok,30,20180110,Titan
42242,Dagon,1538,20180110,Force Auxiliary
42243,Chemosh,485,20180110,Dreadnought
42244,Porpoise,941,20180110,Industrial Command Ship
42245,Rabisu,832,20180110,Logistics
42246,Caedes,830,20180110,Covert Ops
42685,Sunesis,420,20180110,Destroyer
43681,'Excavator' Ice Harvesting Drone,101,20180110,Mining Drone
44993,Pacifier,830,20180110,Covert Ops
44995,Enforcer,833,20180110,Force Recon Ship
44996,Marshal,898,20180110,Black Ops
45006,♦ Sotiyo,1876,20180110,♦ Engineering Complex
45470,♦ Chemosh,1880,20180110,♦ Dreadnought
45474,♦ Chemosh,1880,20180110,♦ Dreadnought
45530,Virtuoso,834,20180110,Stealth Bomber
45531,Victor,833,20180110,Force Recon Ship
45534,Prototype Seven,540,20180110,Command Ship
45645,Loggerhead,1538,20180110,Force Auxiliary
45647,Caiman,485,20180110,Dreadnought
45649,Komodo,30,20180110,Titan
46363,Guristas Forward Operating Base,1924,20180110,♦ Forward Operating Base
46364,Blood Raider Forward Operating Base,1924,20180110,♦ Forward Operating Base
46653,♦ Caiman,1880,20180110,♦ Dreadnought
46654,♦ Caiman,1880,20180110,♦ Dreadnought
47035,Standup Templar I,1652,20180110,Light Fighter
47036,Standup Gram I,1652,20180110,Light Fighter
47037,Standup Siren I,1537,20180110,Support Fighter
47038,Standup Mantis I,1653,20180110,Heavy Fighter
47039,Standup Gungnir I,1653,20180110,Heavy Fighter
47116,Standup Malleus I,1653,20180110,Heavy Fighter
47117,Standup Cyclops I,1653,20180110,Heavy Fighter
47118,Standup Tyrfing I,1653,20180110,Heavy Fighter
47119,Standup Malleus II,1653,20180110,Heavy Fighter
47120,Standup Mantis II,1653,20180110,Heavy Fighter
47121,Standup Cyclops II,1653,20180110,Heavy Fighter
47122,Standup Tyrfing II,1653,20180110,Heavy Fighter
47123,Standup Shadow,1653,20180110,Heavy Fighter
47124,Standup Ametat I,1653,20180110,Heavy Fighter
47125,Standup Termite I,1653,20180110,Heavy Fighter
47126,Standup Antaeus I,1653,20180110,Heavy Fighter
47127,Standup Ametat II,1653,20180110,Heavy Fighter
47128,Standup Termite II,1653,20180110,Heavy Fighter
47129,Standup Antaeus II,1653,20180110,Heavy Fighter
47130,Standup Gungnir II,1653,20180110,Heavy Fighter
351071,Assault C-I,351064,20180110,Infantry Dropsuits
351252,Saga,351210,20180110,Infantry Vehicles
351253,Methana,351210,20180110,Infantry Vehicles
351278,Gunnlogi C-I,351210,20180110,Infantry Vehicles
351354,Myron,351210,20180110,Infantry Vehicles
351355,Grimsnes,351210,20180110,Infantry Vehicles
351824,Madrugar G-I,351210,20180110,Infantry Vehicles
352415,Sentinel A-I,351064,20180110,Infantry Dropsuits
352587,Scout G-I,351064,20180110,Infantry Dropsuits
352588,Logistics M-I,351064,20180110,Infantry Dropsuits
352591,Frontline - CA,351064,20180110,Infantry Dropsuits
352592,Militia Amarr Heavy Frame,351064,20180110,Infantry Dropsuits
352593,Militia Minmatar Medium Frame,351064,20180110,Infantry Dropsuits
352596,Militia Gallente Light Frame,351064,20180110,Infantry Dropsuits
353486,Onikuma,351210,20180110,Infantry Vehicles
353759,Scout G/1-Series,351064,20180110,Infantry Dropsuits
353760,Scout gk.0,351064,20180110,Infantry Dropsuits
353763,Assault C/1-Series,351064,20180110,Infantry Dropsuits
353764,Assault ck.0,351064,20180110,Infantry Dropsuits
353766,Sentinel A/1-Series,351064,20180110,Infantry Dropsuits
353767,Sentinel ak.0,351064,20180110,Infantry Dropsuits
353768,Logistics M/1-Series,351064,20180110,Infantry Dropsuits
353769,Logistics mk.0,351064,20180110,Infantry Dropsuits
353808,Baloch,351210,20180110,Infantry Vehicles
353884,Python,351210,20180110,Infantry Vehicles
353886,Incubus,351210,20180110,Infantry Vehicles
354934,Sniper - CA,351064,20180110,Infantry Dropsuits
354935,Armor AV - CA,351064,20180110,Infantry Dropsuits
354941,Militia Caldari Medium Frame,351064,20180110,Infantry Dropsuits
355374,Sica,351210,20180110,Infantry Vehicles
355423,Onikuma - Impact,351210,20180110,Infantry Vehicles
355424,Baloch - Impact,351210,20180110,Infantry Vehicles
355430,'Dragonfly' Scout [nSv],351064,20180110,Infantry Dropsuits
355470,Soma,351210,20180110,Infantry Vehicles
355472,Viper,351210,20180110,Infantry Vehicles
355473,Gorgon,351210,20180110,Infantry Vehicles
355720,'Skinweave' Militia Caldari Medium Frame,351064,20180110,Infantry Dropsuits
355767,'Skinweave' Militia Gallente Light Frame,351064,20180110,Infantry Dropsuits
355768,'Skinweave' Militia Minmatar Medium Frame,351064,20180110,Infantry Dropsuits
355771,'Skinweave' Militia Amarr Heavy Frame,351064,20180110,Infantry Dropsuits
355772,Guristas Saga,351210,20180110,Infantry Vehicles
356015,'Primordial' Militia Caldari Medium Frame,351064,20180110,Infantry Dropsuits
356022,'Fossil' Militia Minmatar Medium Frame,351064,20180110,Infantry Dropsuits
356023,'Eon' Militia Amarr Heavy Frame,351064,20180110,Infantry Dropsuits
356024,'Venom' Militia Amarr Heavy Frame,351064,20180110,Infantry Dropsuits
356031,'Raven' Assault C-I,351064,20180110,Infantry Dropsuits
356037,'Sever' Logistics M-I,351064,20180110,Infantry Dropsuits
356040,'Valor' Scout G-I,351064,20180110,Infantry Dropsuits
356053,'Quafe' Assault C-I,351064,20180110,Infantry Dropsuits
356058,'Quafe' Assault ck.0,351064,20180110,Infantry Dropsuits
356059,'Quafe' Scout G-I,351064,20180110,Infantry Dropsuits
356065,'Quafe' Scout gk.0,351064,20180110,Infantry Dropsuits
356068,'AG-01' Grimsnes,351210,20180110,Infantry Vehicles
356069,'CD-41' Myron,351210,20180110,Infantry Vehicles
356072,'AI-102' Madrugar,351210,20180110,Infantry Vehicles
356073,'HC-130' Gunnlogi,351210,20180110,Infantry Vehicles
356075,'LC-217' Saga,351210,20180110,Infantry Vehicles
356077,'LG-88' Methana,351210,20180110,Infantry Vehicles
356106,'Valor' Assault C-I,351064,20180110,Infantry Dropsuits
356107,'Sever' Assault C-I,351064,20180110,Infantry Dropsuits
356109,'Raven' Sentinel A-I,351064,20180110,Infantry Dropsuits
356110,'Sever' Sentinel A-I,351064,20180110,Infantry Dropsuits
356111,'Valor' Logistics M-I,351064,20180110,Infantry Dropsuits
356112,'Raven' Logistics M-I,351064,20180110,Infantry Dropsuits
356113,'Raven' Scout G-I,351064,20180110,Infantry Dropsuits
356114,'Sever' Scout G-I,351064,20180110,Infantry Dropsuits
356401,Commando A-I,351064,20180110,Infantry Dropsuits
356559,Medic - CA,351064,20180110,Infantry Dropsuits
356617,'Neo' Assault C/1-Series,351064,20180110,Infantry Dropsuits
356618,'Neo' Assault ck.0,351064,20180110,Infantry Dropsuits
356619,'Neo' Assault C-I,351064,20180110,Infantry Dropsuits
356620,'Neo' Scout G/1-Series,351064,20180110,Infantry Dropsuits
356621,'Neo' Scout gk.0,351064,20180110,Infantry Dropsuits
356622,'Neo' Scout G-I,351064,20180110,Infantry Dropsuits
356623,'Neo' Sentinel A/1-Series,351064,20180110,Infantry Dropsuits
356624,'Neo' Sentinel ak.0,351064,20180110,Infantry Dropsuits
356625,'Neo' Sentinel A-I,351064,20180110,Infantry Dropsuits
356626,'Neo' Logistics M/1-Series,351064,20180110,Infantry Dropsuits
356627,'Neo' Logistics mk.0,351064,20180110,Infantry Dropsuits
356628,'Neo' Logistics M-I,351064,20180110,Infantry Dropsuits
356827,'Dren' Assault C-I,351064,20180110,Infantry Dropsuits
356828,'Dren' Sentinel A-I,351064,20180110,Infantry Dropsuits
356829,'Dren' Logistics M-I,351064,20180110,Infantry Dropsuits
356830,'Dren' Scout G-I,351064,20180110,Infantry Dropsuits
356840,'Covenant' Assault C-I,351064,20180110,Infantry Dropsuits
356841,Ishukone Watch Saga,351210,20180110,Infantry Vehicles
356842,Blood Raiders Saga,351210,20180110,Infantry Vehicles
363349,Balac's Modified Assault ck.0,351064,20180110,Infantry Dropsuits
363354,Angel Cartel Saga,351210,20180110,Infantry Vehicles
363397,'Dragonfly' Assault [nSv],351064,20180110,Infantry Dropsuits
363934,Assault A-I,351064,20180110,Infantry Dropsuits
363935,Assault G-I,351064,20180110,Infantry Dropsuits
363936,Assault M-I,351064,20180110,Infantry Dropsuits
363955,Scout C-I,351064,20180110,Infantry Dropsuits
363956,Scout A-I,351064,20180110,Infantry Dropsuits
363957,Scout M-I,351064,20180110,Infantry Dropsuits
363982,Logistics C-I,351064,20180110,Infantry Dropsuits
363983,Logistics G-I,351064,20180110,Infantry Dropsuits
363984,Logistics A-I,351064,20180110,Infantry Dropsuits
364009,Sentinel C-I,351064,20180110,Infantry Dropsuits
364010,Sentinel G-I,351064,20180110,Infantry Dropsuits
364011,Sentinel M-I,351064,20180110,Infantry Dropsuits
364018,Assault M/1-Series,351064,20180110,Infantry Dropsuits
364019,Assault G/1-Series,351064,20180110,Infantry Dropsuits
364020,Assault A/1-Series,351064,20180110,Infantry Dropsuits
364021,Assault mk.0,351064,20180110,Infantry Dropsuits
364022,Assault ak.0,351064,20180110,Infantry Dropsuits
364023,Assault gk.0,351064,20180110,Infantry Dropsuits
364024,Scout C/1-Series,351064,20180110,Infantry Dropsuits
364025,Scout A/1-Series,351064,20180110,Infantry Dropsuits
364026,Scout M/1-Series,351064,20180110,Infantry Dropsuits
364027,Scout ck.0,351064,20180110,Infantry Dropsuits
364028,Scout mk.0,351064,20180110,Infantry Dropsuits
364029,Scout ak.0,351064,20180110,Infantry Dropsuits
364030,Logistics C/1-Series,351064,20180110,Infantry Dropsuits
364031,Logistics G/1-Series,351064,20180110,Infantry Dropsuits
364032,Logistics A/1-Series,351064,20180110,Infantry Dropsuits
364033,Logistics ck.0,351064,20180110,Infantry Dropsuits
364034,Logistics gk.0,351064,20180110,Infantry Dropsuits
364035,Logistics ak.0,351064,20180110,Infantry Dropsuits
364036,Sentinel M/1-Series,351064,20180110,Infantry Dropsuits
364037,Sentinel C/1-Series,351064,20180110,Infantry Dropsuits
364038,Sentinel G/1-Series,351064,20180110,Infantry Dropsuits
364039,Sentinel mk.0,351064,20180110,Infantry Dropsuits
364040,Sentinel ck.0,351064,20180110,Infantry Dropsuits
364041,Sentinel gk.0,351064,20180110,Infantry Dropsuits
364095,'Raider' Scout G-I,351064,20180110,Infantry Dropsuits
364096,'CQC' Scout G-I,351064,20180110,Infantry Dropsuits
364097,'Hunter' Scout G-I,351064,20180110,Infantry Dropsuits
364098,Shock Assault,351064,20180110,Infantry Dropsuits
364099,'Mauler' Sentinel A-I,351064,20180110,Infantry Dropsuits
364105,Recruit Militia Frame,351064,20180110,Infantry Dropsuits
364121,CreoDron Methana,351210,20180110,Infantry Vehicles
364171,Kaalakiota Tactical HAV,351210,20180110,Infantry Vehicles
364172,CreoDron Breach HAV,351210,20180110,Infantry Vehicles
364178,'Black Eagle' Scout G/1-Series,351064,20180110,Infantry Dropsuits
364242,Federal Defense Union Scout G-I,351064,20180110,Infantry Dropsuits
364243,State Protectorate Assault C-I,351064,20180110,Infantry Dropsuits
364246,CreoDron Transport Dropship,351210,20180110,Infantry Vehicles
364247,Kaalakiota Recon Dropship,351210,20180110,Infantry Vehicles
364317,Staff Recruiter Militia Frame,351064,20180110,Infantry Dropsuits
364319,Senior Recruiter Assault C-I,351064,20180110,Infantry Dropsuits
364322,Master Recruiter Assault C-II,351064,20180110,Infantry Dropsuits
364565,'Templar' Assault A-I,351064,20180110,Infantry Dropsuits
364566,'Templar' Logistics A-I,351064,20180110,Infantry Dropsuits
364567,'Templar' Sentinel A-I,351064,20180110,Infantry Dropsuits
364726,Armor AV - AM,351064,20180110,Infantry Dropsuits
364732,Armor AV - GA,351064,20180110,Infantry Dropsuits
364736,Armor AV - MN,351064,20180110,Infantry Dropsuits
364738,Medic - AM,351064,20180110,Infantry Dropsuits
364739,Sniper - AM,351064,20180110,Infantry Dropsuits
364740,Frontline - AM,351064,20180110,Infantry Dropsuits
364741,Medic - GA,351064,20180110,Infantry Dropsuits
364742,Sniper - GA,351064,20180110,Infantry Dropsuits
364743,Frontline - GA,351064,20180110,Infantry Dropsuits
364744,Medic - MN,351064,20180110,Infantry Dropsuits
364745,Frontline - MN,351064,20180110,Infantry Dropsuits
364746,Sniper - MN,351064,20180110,Infantry Dropsuits
364810,Amarr Light Frame A-I,351064,20180110,Infantry Dropsuits
364811,Caldari Light Frame C-I,351064,20180110,Infantry Dropsuits
364812,Gallente Light Frame G-I,351064,20180110,Infantry Dropsuits
364813,Minmatar Light Frame M-I,351064,20180110,Infantry Dropsuits
364814,Amarr Medium Frame A-I,351064,20180110,Infantry Dropsuits
364815,Caldari Medium Frame C-I,351064,20180110,Infantry Dropsuits
364816,Gallente Medium Frame G-I,351064,20180110,Infantry Dropsuits
364817,Minmatar Medium Frame M-I,351064,20180110,Infantry Dropsuits
364818,Amarr Heavy Frame A-I,351064,20180110,Infantry Dropsuits
364819,Caldari Heavy Frame C-I,351064,20180110,Infantry Dropsuits
364820,Gallente Heavy Frame G-I,351064,20180110,Infantry Dropsuits
364821,Minmatar Heavy Frame M-I,351064,20180110,Infantry Dropsuits
364863,Minmatar Light Frame M/1-Series,351064,20180110,Infantry Dropsuits
364872,Minmatar Light Frame mk.0,351064,20180110,Infantry Dropsuits
364873,Gallente Light Frame G/1-Series,351064,20180110,Infantry Dropsuits
364874,Gallente Light Frame gk.0,351064,20180110,Infantry Dropsuits
364875,Minmatar Medium Frame M/1-Series,351064,20180110,Infantry Dropsuits
364876,Minmatar Medium Frame mk.0,351064,20180110,Infantry Dropsuits
364877,Gallente Medium Frame G/1-Series,351064,20180110,Infantry Dropsuits
364878,Gallente Medium Frame gk.0,351064,20180110,Infantry Dropsuits
364879,Caldari Medium Frame C/1-Series,351064,20180110,Infantry Dropsuits
364880,Caldari Medium Frame ck.0,351064,20180110,Infantry Dropsuits
364881,Amarr Medium Frame A/1-Series,351064,20180110,Infantry Dropsuits
364882,Amarr Medium Frame ak.0,351064,20180110,Infantry Dropsuits
364883,Amarr Heavy Frame A/1-Series,351064,20180110,Infantry Dropsuits
364884,Amarr Heavy Frame ak.0,351064,20180110,Infantry Dropsuits
364952,Militia Minmatar Light Frame,351064,20180110,Infantry Dropsuits
364955,Militia Amarr Medium Frame,351064,20180110,Infantry Dropsuits
364956,Militia Gallente Medium Frame,351064,20180110,Infantry Dropsuits
365262,Commando A/1-Series,351064,20180110,Infantry Dropsuits
365263,Commando ak.0,351064,20180110,Infantry Dropsuits
365297,'Neo' Commando A-I,351064,20180110,Infantry Dropsuits
365298,'Neo' Commando A/1-Series,351064,20180110,Infantry Dropsuits
365299,'Neo' Commando ak.0,351064,20180110,Infantry Dropsuits
365306,'Neo' Logistics A-I,351064,20180110,Infantry Dropsuits
365307,'Neo' Logistics A/1-Series,351064,20180110,Infantry Dropsuits
365308,'Neo' Logistics ak.0,351064,20180110,Infantry Dropsuits
365309,'Neo' Logistics G-I,351064,20180110,Infantry Dropsuits
365310,'Neo' Logistics G/1-Series,351064,20180110,Infantry Dropsuits
365311,'Neo' Logistics gk.0,351064,20180110,Infantry Dropsuits
365312,'Neo' Logistics C-I,351064,20180110,Infantry Dropsuits
365313,'Neo' Logistics C/1-Series,351064,20180110,Infantry Dropsuits
365314,'Neo' Logistics ck.0,351064,20180110,Infantry Dropsuits
365315,'Neo' Assault A-I,351064,20180110,Infantry Dropsuits
365316,'Neo' Assault A/1-Series,351064,20180110,Infantry Dropsuits
365317,'Neo' Assault ak.0,351064,20180110,Infantry Dropsuits
365318,'Neo' Assault G-I,351064,20180110,Infantry Dropsuits
365319,'Neo' Assault G/1-Series,351064,20180110,Infantry Dropsuits
365320,'Neo' Assault gk.0,351064,20180110,Infantry Dropsuits
365321,'Neo' Assault M-I,351064,20180110,Infantry Dropsuits
365322,'Neo' Assault M/1-Series,351064,20180110,Infantry Dropsuits
365323,'Neo' Assault mk.0,351064,20180110,Infantry Dropsuits
365324,'Neo' Scout M-I,351064,20180110,Infantry Dropsuits
365325,'Neo' Scout M/1-Series,351064,20180110,Infantry Dropsuits
365326,'Neo' Scout mk.0,351064,20180110,Infantry Dropsuits
365420,'LC-225' Saga-II,351210,20180110,Infantry Vehicles
365428,Saga-II,351210,20180110,Infantry Vehicles
365701,'Pyrus' Assault A/1-Series,351064,20180110,Infantry Dropsuits
365704,'Pyrus' Assault C/1-Series,351064,20180110,Infantry Dropsuits
365708,'Pyrus' Assault gk.0,351064,20180110,Infantry Dropsuits
365721,'Pyrus' Logistics M-I,351064,20180110,Infantry Dropsuits
365723,'Pyrus' Logistics mk.0,351064,20180110,Infantry Dropsuits
365928,'Flying Scotsman' Assault ck.0,351064,20180110,Infantry Dropsuits
365930,'Hellmar' Sentinel ak.0,351064,20180110,Infantry Dropsuits
365932,'Remnant IX' Logistics mk.0,351064,20180110,Infantry Dropsuits
365934,'Wolfman' Assault A/1-Series,351064,20180110,Infantry Dropsuits
365936,'Rattati' Assault G/1-Series,351064,20180110,Infantry Dropsuits
365938,'Logicloop' Scout M-I,351064,20180110,Infantry Dropsuits
365940,'Foxfour' Assault G-I,351064,20180110,Infantry Dropsuits
365942,'Tigris' Sentinel A-I,351064,20180110,Infantry Dropsuits
365943,'Praetorian VII' Madrugar,351210,20180110,Infantry Vehicles
365944,'Nullarbor' Myron,351210,20180110,Infantry Vehicles
365945,'Greyscale' Saga,351210,20180110,Infantry Vehicles
365971,'Neo' Scout A-I,351064,20180110,Infantry Dropsuits
365973,'Neo' Scout ak.0,351064,20180110,Infantry Dropsuits
365974,'Neo' Scout C-I,351064,20180110,Infantry Dropsuits
365975,'Neo' Scout C/1-Series,351064,20180110,Infantry Dropsuits
365976,'Neo' Scout ck.0,351064,20180110,Infantry Dropsuits
365993,'Origin' Assault C-I,351064,20180110,Infantry Dropsuits
365994,'Origin' Logistics M-I,351064,20180110,Infantry Dropsuits
366336,'State Peacekeeper' Assault C/1-Series,351064,20180110,Infantry Dropsuits
366337,'State Peacekeeper' Assault ck.0,351064,20180110,Infantry Dropsuits
366338,'Republic Command' Assault M/1-Series,351064,20180110,Infantry Dropsuits
366339,'Republic Command' Assault mk.0,351064,20180110,Infantry Dropsuits
366340,'Imperial Guard' Assault A/1-Series,351064,20180110,Infantry Dropsuits
366341,'Imperial Guard' Assault ak.0,351064,20180110,Infantry Dropsuits
366342,'Federal Marine' Assault G/1-Series,351064,20180110,Infantry Dropsuits
366343,'Federal Marine' Assault gk.0,351064,20180110,Infantry Dropsuits
366346,'Stahl' Assault C-I,351064,20180110,Infantry Dropsuits
366363,Federation Assault G-I,351064,20180110,Infantry Dropsuits
366364,Federation Assault G/1-Series,351064,20180110,Infantry Dropsuits
366365,Federation Assault gk.0,351064,20180110,Infantry Dropsuits
366366,Federation Logistics G-I,351064,20180110,Infantry Dropsuits
366367,Federation Logistics G/1-Series,351064,20180110,Infantry Dropsuits
366368,Federation Logistics gk.0,351064,20180110,Infantry Dropsuits
366369,Federation Scout G-I,351064,20180110,Infantry Dropsuits
366370,Federation Scout G/1-Series,351064,20180110,Infantry Dropsuits
366371,Federation Scout gk.0,351064,20180110,Infantry Dropsuits
366382,Federation Grimsnes,351210,20180110,Infantry Vehicles
366383,Federation Madrugar,351210,20180110,Infantry Vehicles
366384,Federation Methana,351210,20180110,Infantry Vehicles
366412,Imperial Assault A-I,351064,20180110,Infantry Dropsuits
366413,Imperial Assault A/1-Series,351064,20180110,Infantry Dropsuits
366414,Imperial Assault ak.0,351064,20180110,Infantry Dropsuits
366415,Imperial Commando A-I,351064,20180110,Infantry Dropsuits
366416,Imperial Commando A/1-Series,351064,20180110,Infantry Dropsuits
366417,Imperial Commando ak.0,351064,20180110,Infantry Dropsuits
366418,Imperial Logistics A-I,351064,20180110,Infantry Dropsuits
366419,Imperial Logistics A/1-Series,351064,20180110,Infantry Dropsuits
366420,Imperial Logistics ak.0,351064,20180110,Infantry Dropsuits
366421,Imperial Sentinel A-I,351064,20180110,Infantry Dropsuits
366422,Imperial Sentinel A/1-Series,351064,20180110,Infantry Dropsuits
366423,Imperial Sentinel ak.0,351064,20180110,Infantry Dropsuits
366443,Republic Assault M-I,351064,20180110,Infantry Dropsuits
366444,Republic Assault M/1-Series,351064,20180110,Infantry Dropsuits
366445,Republic Assault mk.0,351064,20180110,Infantry Dropsuits
366446,Republic Logistics M-I,351064,20180110,Infantry Dropsuits
366447,Republic Logistics M/1-Series,351064,20180110,Infantry Dropsuits
366448,Republic Logistics mk.0,351064,20180110,Infantry Dropsuits
366449,Republic Scout M-I,351064,20180110,Infantry Dropsuits
366450,Republic Scout M/1-Series,351064,20180110,Infantry Dropsuits
366451,Republic Scout mk.0,351064,20180110,Infantry Dropsuits
366489,State Assault C-I,351064,20180110,Infantry Dropsuits
366490,State Logistics C-I,351064,20180110,Infantry Dropsuits
366491,State Assault C/1-Series,351064,20180110,Infantry Dropsuits
366492,State Logistics C/1-Series,351064,20180110,Infantry Dropsuits
366493,State Assault ck.0,351064,20180110,Infantry Dropsuits
366494,State Logistics ck.0,351064,20180110,Infantry Dropsuits
366507,State Myron,351210,20180110,Infantry Vehicles
366508,State Gunnlogi,351210,20180110,Infantry Vehicles
366509,State Saga,351210,20180110,Infantry Vehicles
366677,'Neo' Sentinel M-I,351064,20180110,Infantry Dropsuits
366678,'Neo' Sentinel M/1-Series,351064,20180110,Infantry Dropsuits
366679,'Neo' Sentinel mk.0,351064,20180110,Infantry Dropsuits
366680,'Neo' Sentinel G-I,351064,20180110,Infantry Dropsuits
366682,'Neo' Sentinel gk.0,351064,20180110,Infantry Dropsuits
366683,'Neo' Sentinel C-I,351064,20180110,Infantry Dropsuits
366685,'Neo' Sentinel ck.0,351064,20180110,Infantry Dropsuits
366686,Gallente Heavy Frame G/1-Series,351064,20180110,Infantry Dropsuits
366687,Gallente Heavy Frame gk.0,351064,20180110,Infantry Dropsuits
366688,Minmatar Heavy Frame M/1-Series,351064,20180110,Infantry Dropsuits
366689,Minmatar Heavy Frame mk.0,351064,20180110,Infantry Dropsuits
366690,Caldari Heavy Frame C/1-Series,351064,20180110,Infantry Dropsuits
366691,Caldari Heavy Frame ck.0,351064,20180110,Infantry Dropsuits
366695,Militia Caldari Heavy Frame,351064,20180110,Infantry Dropsuits
366696,Militia Gallente Heavy Frame,351064,20180110,Infantry Dropsuits
366697,Militia Minmatar Heavy Frame,351064,20180110,Infantry Dropsuits
366698,Commando C-I,351064,20180110,Infantry Dropsuits
366699,Commando G-I,351064,20180110,Infantry Dropsuits
366700,Commando M-I,351064,20180110,Infantry Dropsuits
366710,Commando C/1-Series,351064,20180110,Infantry Dropsuits
366711,Commando ck.0,351064,20180110,Infantry Dropsuits
366712,Commando G/1-Series,351064,20180110,Infantry Dropsuits
366713,Commando gk.0,351064,20180110,Infantry Dropsuits
366714,Commando M/1-Series,351064,20180110,Infantry Dropsuits
366715,Commando mk.0,351064,20180110,Infantry Dropsuits
366716,'Neo' Commando C-I,351064,20180110,Infantry Dropsuits
366718,'Neo' Commando ck.0,351064,20180110,Infantry Dropsuits
366719,'Neo' Commando G-I,351064,20180110,Infantry Dropsuits
366720,'Neo' Commando G/1-Series,351064,20180110,Infantry Dropsuits
366721,'Neo' Commando gk.0,351064,20180110,Infantry Dropsuits
366722,'Neo' Commando M-I,351064,20180110,Infantry Dropsuits
366723,'Neo' Commando M/1-Series,351064,20180110,Infantry Dropsuits
366724,'Neo' Commando mk.0,351064,20180110,Infantry Dropsuits
366732,Amarr Light Frame A/1-Series,351064,20180110,Infantry Dropsuits
366733,Amarr Light Frame ak.0,351064,20180110,Infantry Dropsuits
366734,Caldari Light Frame C/1-Series,351064,20180110,Infantry Dropsuits
366735,Caldari Light Frame ck.0,351064,20180110,Infantry Dropsuits
366736,Militia Caldari Light Frame,351064,20180110,Infantry Dropsuits
366737,Militia Amarr Light Frame,351064,20180110,Infantry Dropsuits
367442,'Sarak' Assault A-I+,351064,20180110,Infantry Dropsuits
367443,'Ukko' Assault C-I+,351064,20180110,Infantry Dropsuits
367450,'Magni' Assault M-I+,351064,20180110,Infantry Dropsuits
367451,'Memnon' Assault G-I+,351064,20180110,Infantry Dropsuits
367453,'Behemoth' Sentinel A-I+,351064,20180110,Infantry Dropsuits
367455,'Izanami' Sentinel C-I+,351064,20180110,Infantry Dropsuits
367456,'Jotunn' Sentinel M-I+,351064,20180110,Infantry Dropsuits
367457,'Enkidu' Sentinel G-I+,351064,20180110,Infantry Dropsuits
367600,APEX 'Dominus' Sentinel,367594,20180110,Visual Customization
367634,'Quafe' Sentinel G-I,351064,20180110,Infantry Dropsuits
367650,'Quafe' Sentinel C-I,351064,20180110,Infantry Dropsuits
367651,'Quafe' Sentinel A-I,351064,20180110,Infantry Dropsuits
367652,'Quafe' Sentinel M-I,351064,20180110,Infantry Dropsuits
367653,'Quafe' Assault G-I,351064,20180110,Infantry Dropsuits
367654,'Quafe' Assault A-I,351064,20180110,Infantry Dropsuits
367655,'Quafe' Assault M-I,351064,20180110,Infantry Dropsuits
367656,'Quafe' Scout C-I,351064,20180110,Infantry Dropsuits
367657,'Quafe' Scout A-I,351064,20180110,Infantry Dropsuits
367658,'Quafe' Scout M-I,351064,20180110,Infantry Dropsuits
367677,APEX 'Shogun' Sentinel,367594,20180110,Visual Customization
367679,APEX 'Atlas' Sentinel,367594,20180110,Visual Customization
367681,APEX 'Warlord' Sentinel,367594,20180110,Visual Customization
367685,APEX 'Rasetsu' Assault,367594,20180110,Visual Customization
367687,APEX 'Spartan' Assault,367594,20180110,Visual Customization
367689,APEX 'Nomad' Assault,367594,20180110,Visual Customization
367691,APEX 'Opus' Assault,367594,20180110,Visual Customization
367693,APEX 'Kampo' Logistics,367594,20180110,Visual Customization
367695,APEX 'Chiron' Logistics,367594,20180110,Visual Customization
367697,APEX 'Shaman' Logistics,367594,20180110,Visual Customization
367699,APEX 'Seraph' Logistics,367594,20180110,Visual Customization
367701,APEX 'Hawk' Scout,367594,20180110,Visual Customization
367703,APEX 'Serpent' Scout,367594,20180110,Visual Customization
367705,APEX 'Tiger' Scout,367594,20180110,Visual Customization
367707,APEX 'Dragon' Scout,367594,20180110,Visual Customization
367709,APEX 'Samurai' Commando,367594,20180110,Visual Customization
367711,APEX 'Centurion' Commando,367594,20180110,Visual Customization
367713,APEX 'Renegade' Commando,367594,20180110,Visual Customization
367715,APEX 'Paladin' Commando,367594,20180110,Visual Customization
367716,Archduke's Modified Sentinel mk.0,351064,20180110,Infantry Dropsuits
367738,Frame's Modified Assault ck.0,351064,20180110,Infantry Dropsuits
367742,Scotsman's Modified Scout gk.0,351064,20180110,Infantry Dropsuits
367751,Logibro's Modified Logistics mk.0,351064,20180110,Infantry Dropsuits
367760,Rattati's Modified Assault gk.0,351064,20180110,Infantry Dropsuits
367811,State 'Shogun' Sentinel,367594,20180110,Visual Customization
367854,Imperial 'Opus' Assault,367594,20180110,Visual Customization
367856,Republic 'Shaman' Logistics,367594,20180110,Visual Customization
367863,Federation 'Serpent' Scout,367594,20180110,Visual Customization
367864,Federation 'Centurion' Commando,367594,20180110,Visual Customization
367885,Storm Raider's Modified Commando ak.0,351064,20180110,Infantry Dropsuits
367948,Federation 'Atlas' Sentinel,367594,20180110,Visual Customization
367955,State 'Rasetsu' Assault,367594,20180110,Visual Customization
367959,Imperial 'Seraph' Logistics,367594,20180110,Visual Customization
367960,Republic 'Tiger' Scout,367594,20180110,Visual Customization
367963,Republic 'Renegade' Commando,367594,20180110,Visual Customization
367987,APEX 'Atlas' Sentinel vX.1,367594,20180110,Visual Customization
367988,APEX 'Nomad' Assault vX.1,367594,20180110,Visual Customization
367989,APEX 'Dragon' Scout vX.1,367594,20180110,Visual Customization
367998,Republic 'Warlord' Sentinel,367594,20180110,Visual Customization
367999,Federation 'Spartan' Assault,367594,20180110,Visual Customization
368000,State 'Kampo' Logistics,367594,20180110,Visual Customization
368001,Imperial 'Dragon' Scout,367594,20180110,Visual Customization
368003,Imperial 'Paladin' Commando,367594,20180110,Visual Customization
368022,Imperial 'Dominus' Sentinel,367594,20180110,Visual Customization
368023,Republic 'Nomad' Assault,367594,20180110,Visual Customization
368024,Federation 'Chiron' Logistics,367594,20180110,Visual Customization
368025,State 'Hawk' Scout,367594,20180110,Visual Customization
368026,State 'Samurai' Commando,367594,20180110,Visual Customization
368061,'Hastati' Basic-M A-I,351064,20180110,Infantry Dropsuits
368062,'Principe' Basic-M A/I,351064,20180110,Infantry Dropsuits
368064,'Toxotai' Basic-M G-I,351064,20180110,Infantry Dropsuits
368065,'Phalanx' Basic-M G/I,351064,20180110,Infantry Dropsuits
368066,'Grettir' Basic-M M-I,351064,20180110,Infantry Dropsuits
368067,'Kari' Basic-M M/I,351064,20180110,Infantry Dropsuits
368069,'Kullervo' Basic-M C-I,351064,20180110,Infantry Dropsuits
368071,'Tarapitha' Basic-M C/I,351064,20180110,Infantry Dropsuits
368518,CreoDron Methana vX.1,351210,20180110,Infantry Vehicles
368524,Imperial Scout A-I,351064,20180110,Infantry Dropsuits
368531,'Quafe' Gunnlogi,351210,20180110,Infantry Vehicles
368532,'Quafe' Madrugar,351210,20180110,Infantry Vehicles
368533,'Quafe' Grimsnes,351210,20180110,Infantry Vehicles
368534,'Quafe' Myron,351210,20180110,Infantry Vehicles
368539,'Quafe' Methana,351210,20180110,Infantry Vehicles
368546,'Quafe' Saga Blueprint,351210,20180110,Infantry Vehicles
368547,'Quafe' Methana Blueprint,351210,20180110,Infantry Vehicles
368549,'Quafe' Logistics C-I,351064,20180110,Infantry Dropsuits
368551,'Quafe' Logistics M-I,351064,20180110,Infantry Dropsuits
368552,'Quafe' Commando A-I,351064,20180110,Infantry Dropsuits
368554,'Quafe' Commando G-I,351064,20180110,Infantry Dropsuits
368555,'Quafe' Commando M-I,351064,20180110,Infantry Dropsuits
368574,Imperial Scout A/1-Series,351064,20180110,Infantry Dropsuits
368576,'Brutor' Logistics M-I,351064,20180110,Infantry Dropsuits
368577,'Tash Murkon' Logistics A-I,351064,20180110,Infantry Dropsuits
368579,Imperial Scout ak.0,351064,20180110,Infantry Dropsuits
368580,'Tash Murkon' Sentinel A-I,351064,20180110,Infantry Dropsuits
368581,'Brutor' Commando M-I,351064,20180110,Infantry Dropsuits
368582,'Kaalakiota' Assault C-I,351064,20180110,Infantry Dropsuits
368583,'Kaalakiota' Scout C-I,351064,20180110,Infantry Dropsuits
368584,'Roden' Scout G-I,351064,20180110,Infantry Dropsuits
368585,'Roden' Commando G-I,351064,20180110,Infantry Dropsuits
368586,State Scout C-I,351064,20180110,Infantry Dropsuits
368594,State Scout C/1-Series,351064,20180110,Infantry Dropsuits
368614,State Scout ck.0,351064,20180110,Infantry Dropsuits
368615,State Commando C-I,351064,20180110,Infantry Dropsuits
368616,State Commando C/1-Series,351064,20180110,Infantry Dropsuits
368617,State Commando ck.0,351064,20180110,Infantry Dropsuits
368619,State Sentinel C/1-Series,351064,20180110,Infantry Dropsuits
368620,State Sentinel ck.0,351064,20180110,Infantry Dropsuits
368631,Federation Commando G-I,351064,20180110,Infantry Dropsuits
368633,Federation Commando gk.0,351064,20180110,Infantry Dropsuits
368636,Federation Sentinel gk.0,351064,20180110,Infantry Dropsuits
368638,Republic Commando M-I,351064,20180110,Infantry Dropsuits
368640,Republic Commando M/1-Series,351064,20180110,Infantry Dropsuits
368647,Republic Commando mk.0,351064,20180110,Infantry Dropsuits
368650,Republic Sentinel M/1-Series,351064,20180110,Infantry Dropsuits
368651,Republic Sentinel mk.0,351064,20180110,Infantry Dropsuits
368880,Marduk G-I,351210,20180110,Infantry Vehicles
368881,Madrugar G/1,351210,20180110,Infantry Vehicles
368882,Madrugar Gv.0,351210,20180110,Infantry Vehicles
368884,Marduk G/1,351210,20180110,Infantry Vehicles
368885,Marduk Gv.0,351210,20180110,Infantry Vehicles
368887,Gladius C-I,351210,20180110,Infantry Vehicles
368888,Gunnlogi C/1,351210,20180110,Infantry Vehicles
368889,Gunnlogi Cv.0,351210,20180110,Infantry Vehicles
368890,Gladius C/1,351210,20180110,Infantry Vehicles
368891,Gladius Cv.0,351210,20180110,Infantry Vehicles
368908,Shield AV - AM,351064,20180110,Infantry Dropsuits
368909,Recon - AM,351064,20180110,Infantry Dropsuits
368910,Shield AV - CA,351064,20180110,Infantry Dropsuits
368911,Recon - CA,351064,20180110,Infantry Dropsuits
368912,Shield AV - GA,351064,20180110,Infantry Dropsuits
368913,Recon - GA,351064,20180110,Infantry Dropsuits
368914,Shield AV - MN,351064,20180110,Infantry Dropsuits
368915,Recon - MN,351064,20180110,Infantry Dropsuits
369408,Standard Assault A-I,351064,20180110,Infantry Dropsuits
369409,Standard Assault C-I,351064,20180110,Infantry Dropsuits
369410,Standard Assault G-I,351064,20180110,Infantry Dropsuits
369411,Standard Assault M-I,351064,20180110,Infantry Dropsuits
369413,Standard Commando C-I,351064,20180110,Infantry Dropsuits
369414,Standard Commando G-I,351064,20180110,Infantry Dropsuits
369415,Standard Commando M-I,351064,20180110,Infantry Dropsuits
369416,Standard Logistics A-I,351064,20180110,Infantry Dropsuits
369419,Standard Logistics M-I,351064,20180110,Infantry Dropsuits
369421,Standard Scout C-I,351064,20180110,Infantry Dropsuits
369422,Standard Scout G-I,351064,20180110,Infantry Dropsuits
369424,Standard Sentinel A-I,351064,20180110,Infantry Dropsuits
369425,Standard Sentinel C-I,351064,20180110,Infantry Dropsuits
369427,Standard Sentinel M-I,351064,20180110,Infantry Dropsuits
47131,Standup Cenobite I,1537,20180214,Support Fighter
47132,Standup Scarab I,1537,20180214,Support Fighter
47133,Standup Dromi I,1537,20180214,Support Fighter
47134,Standup Cenobite II,1537,20180214,Support Fighter
47135,Standup Scarab II,1537,20180214,Support Fighter
47136,Standup Siren II,1537,20180214,Support Fighter
47137,Standup Dromi II,1537,20180214,Support Fighter
47138,Standup Dragonfly I,1652,20180214,Light Fighter
47139,Standup Firbolg I,1652,20180214,Light Fighter
47140,Standup Einherji I,1652,20180214,Light Fighter
47141,Standup Templar II,1652,20180214,Light Fighter
47142,Standup Dragonfly II,1652,20180214,Light Fighter
47143,Standup Firbolg II,1652,20180214,Light Fighter
47144,Standup Einherji II,1652,20180214,Light Fighter
47145,Standup Equite I,1652,20180214,Light Fighter
47146,Standup Locust I,1652,20180214,Light Fighter
47147,Standup Satyr I,1652,20180214,Light Fighter
47148,Standup Equite II,1652,20180214,Light Fighter
47149,Standup Locust II,1652,20180214,Light Fighter
47150,Standup Satyr II,1652,20180214,Light Fighter
47151,Standup Gram II,1652,20180214,Light Fighter
47269,Trig Small,25,20180323,Frigate
47270,Trig Medium,26,20180323,Cruiser
47271,Trig Large,27,20180323,Battleship
47466,Praxis,27,20180323,Battleship
47512,Immensea Faction Citadel,1657,20180323,Citadel
47513,Amarr Faction Citadel,1657,20180323,Citadel
47514,Caldari Faction Citadel,1657,20180323,Citadel
47515,Gallente Faction Citadel,1657,20180323,Citadel
47516,Minmatar Faction Citadel,1657,20180323,Citadel
48635,"",833,20180827,Force Recon Ship
48636,"",830,20180827,Covert Ops
49710,Kikimora,420,20181113,Destroyer
49711,Drekavac,419,20181113,Combat Battlecruiser
49712,Rodiva,26,20181113,Cruiser
49713,Zarmazd,832,20181113,Logistics
52250,Nergal,324,20190529,Assault Frigate
52252,Ikitursa,358,20190529,Heavy Assault Cruiser
52254,Draugur,1534,20190529,Command Destroyer
52907,Zirnitra,485,20191115,Dreadnought
54731,Skybreaker,25,20200615,Frigate
54732,Stormbringer,26,20200615,Cruiser
54733,Thunderchild,27,20200615,Battleship
56701,Mobile Sanguine Harvester,1250,20201009,Mobile Tractor Unit
57319,Mobile Cynosural Beacon,4093,20210413,Mobile Cynosural Beacon
58906,Highsec Authorized Mobile Cynosural Beacon,4093,20210427,Mobile Cynosural Beacon
58904,Mobile Observatory,4107,20210608,Mobile Observatory
59630,Covert Mobile Cynosural Beacon,4093,20210713,Mobile Cynosural Beacon
58745,AIR Civilian Astero,25,20211013,Frigate
60244,Concord Rogue Analysis Beacon,4137,20211013,Mobile Analysis Beacon
60764,Laelaps,894,20211207,Heavy Interdiction Cruiser
60765,Raiju,893,20211207,Electronic Attack Ship
64034,Boobook,31,20220510,Shuttle
72811,Cyclone Fleet Issue,419,20221011,Combat Battlecruiser
72812,Ferox Navy Issue,419,20221011,Combat Battlecruiser
72869,Myrmidon Navy Issue,419,20221011,Combat Battlecruiser
72872,Prophecy Navy Issue,419,20221011,Combat Battlecruiser
72903,Probe Fleet Issue,25,20221011,Frigate
72904,Heron Navy Issue,25,20221011,Frigate
72907,Magnate Navy Issue,25,20221011,Frigate
72913,Imicus Navy Issue,25,20221011,Frigate
73225,Amarr Propaganda Broadcast Structure,4477,20221011,FW Propaganda Broadcast Structure
73226,Minmatar Propaganda Broadcast Structure,4477,20221011,FW Propaganda Broadcast Structure
73227,Caldari Propaganda Broadcast Structure,4477,20221011,FW Propaganda Broadcast Structure
73228,Gallente Propaganda Broadcast Structure,4477,20221011,FW Propaganda Broadcast Structure
73270,Amarr Listening Outpost,4499,20221108,FW Listening Outpost
73271,Minmatar Listening Outpost,4499,20221108,FW Listening Outpost
73272,Caldari Listening Outpost,4499,20221108,FW Listening Outpost
73273,Gallente Listening Outpost,4499,20221108,FW Listening Outpost
73787,Naglfar Fleet Issue,485,20221108,Dreadnought
73789,Coercer Navy Issue,420,20221108,Destroyer
73790,Revelation Navy Issue,485,20221108,Dreadnought
73792,Moros Navy Issue,485,20221108,Dreadnought
73793,Phoenix Navy Issue,485,20221108,Dreadnought
73794,Thrasher Fleet Issue,420,20221108,Destroyer
73795,Cormorant Navy Issue,420,20221108,Destroyer
73796,Catalyst Navy Issue,420,20221108,Destroyer
