month_start,group_name,total_payout,premium,loss_ratio
2011-04-01,Battleship,79525971220.2,76272712344.8833,1.04265298525908
2011-05-01,Battleship,78716892655.24,77814865894.8233,1.01159195932607
2011-06-01,Battleship,73021535249.0701,79803366852.4867,0.915018227038559
2011-07-01,Battleship,76003757794.8899,77088133041.5033,0.98593330511676
2011-08-01,Battleship,77307268831.0399,75914061899.7333,1.01835242241611
2011-09-01,Battleship,76799729660.27,75444187291.6666,1.01796748586293
2011-10-01,Battleship,81840185933.67,76703585428.7333,1.06696688917768
2011-11-01,Battleship,81501300340.0701,78649061474.9933,1.03626538971458
2011-12-01,Battleship,93859968164.44,80047071978.0033,1.1725596682691
2012-01-01,Battleship,99583251964.4401,85733818146.06,1.16153991642814
2012-02-01,Battleship,101571382012.33,91648173489.65,1.10827502769382
2012-03-01,Battleship,117085325435.65,98338200713.7367,1.19063928957258
2012-04-01,Battleship,143688432021.27,106079986470.807,1.35452913222998
2012-05-01,Battleship,137343786324.69,120781713156.416,1.13712401269574
2012-06-01,Battleship,130277342633.36,132705847927.203,0.981700088339926
2012-07-01,Battleship,143927058461.58,137103186993.107,1.04977179318827
2012-08-01,Battleship,137809827669.1,137182729139.877,1.00457126442341
2012-09-01,Battleship,140747425952.47,137338076254.68,1.02482450454212
2012-10-01,Battleship,144592308581.63,140828104027.717,1.02672907215432
2012-11-01,Battleship,150096305893.08,141049854067.733,1.06413655572449
2012-12-01,Battleship,162943463909.64,145145346809.06,1.12262271916986
2013-01-01,Battleship,157127057989.83,152544026128.117,1.030043994367
2013-02-01,Battleship,144054755242.87,156722275930.85,0.9191721750291
2013-03-01,Battleship,152439191575.37,154708425714.113,0.985332187770195
2013-04-01,Battleship,144565247394.95,151207001602.69,0.95607508820794
2013-05-01,Battleship,149849813422.93,147019731404.397,1.01924967479874
2013-06-01,Battleship,142620770583.13,148951417464.417,0.957498579140416
2013-07-01,Battleship,134904296032.68,145678610467.003,0.926040518921865
2013-08-01,Battleship,128107089192.43,142458293346.247,0.899260311093747
2013-09-01,Battleship,120064074943.42,135210718602.747,0.887977493087454
2013-10-01,Battleship,124836579966.2,127691820056.177,0.977639600651626
2013-11-01,Battleship,123438412537.25,124335914700.683,0.992781633805535
2013-12-01,Battleship,126972731205.91,122779689148.957,1.03415094211443
2014-01-01,Battleship,132999325711.75,125082574569.787,1.06329219852719
2014-02-01,Battleship,127082483950.75,127803489818.303,0.994358480597218
2014-03-01,Battleship,148060871870.73,129018180289.47,1.14759696299029
2014-04-01,Battleship,148746772246.92,136047560511.077,1.09334391361475
2014-05-01,Battleship,159770634968.21,141296709356.133,1.13074561818361
2014-06-01,Battleship,159639222063.64,152192759695.287,1.04892783587907
2014-07-01,Battleship,148796707919.04,156052209759.59,0.953505933355717
2014-08-01,Battleship,143486365797.31,156068854983.63,0.919378602555647
2014-09-01,Battleship,146187246809.53,150640765259.997,0.970436166845141
2014-10-01,Battleship,155297162088.85,146156773508.627,1.06253824821662
2014-11-01,Battleship,149840025802.15,148323591565.23,1.010223823607
2014-12-01,Battleship,167742645836.46,150441478233.51,1.11500264292867
2015-01-01,Battleship,165089958327.03,157626611242.487,1.04734826832673
2015-02-01,Battleship,150469694993.24,160890876655.213,0.935228262294162
2015-03-01,Battleship,162366502178.05,161100766385.577,1.00785679559987
2015-04-01,Battleship,155115465353.71,159308718499.44,0.973678445315316
2015-05-01,Battleship,135097089330.88,155983887508.333,0.86609643783665
2015-06-01,Battleship,124284435884.16,150859685620.88,0.823841275902526
2015-07-01,Battleship,127585617443.45,138165663522.917,0.923424924762788
2015-08-01,Battleship,132018396629.63,128989047552.83,1.02348532014363
2015-09-01,Battleship,132282227462.25,127962816652.413,1.03375520266618
2015-10-01,Battleship,147485763925.47,130628747178.443,1.12904523017433
2015-11-01,Battleship,138950112223.7,137262129339.117,1.01229751347084
2015-12-01,Battleship,144672886904.29,139572701203.807,1.03654142720241
2011-04-01,Carrier,83802160518.97,86445660184.9367,0.969420099744611
2011-05-01,Carrier,85595078596.89,85240796451.2367,1.0041562510019
2011-06-01,Carrier,83573199403.74,86432518623.7267,0.966918478536599
2011-07-01,Carrier,75398346643.72,84323479506.5333,0.894156017813261
2011-08-01,Carrier,77819269807.19,81522208214.7833,0.954577550232234
2011-09-01,Carrier,72511771704.62,78930271951.55,0.91868138689716
2011-10-01,Carrier,75266859683.75,75243129385.1767,1.00031538160052
2011-11-01,Carrier,85569399652.87,75199300398.52,1.13790153896903
2011-12-01,Carrier,99850064721.73,77782677013.7467,1.28370568557422
2012-01-01,Carrier,106138177576.03,86895441352.7833,1.22144701636446
2012-02-01,Carrier,110353163129.9,97185880650.21,1.13548554987202
2012-03-01,Carrier,126745955827.48,105447135142.553,1.20198576904088
2012-04-01,Carrier,145792179006.26,114412432177.803,1.27426868069451
2012-05-01,Carrier,132508449964.97,127630432654.547,1.03821986033399
2012-06-01,Carrier,124159525548.2,135015528266.237,0.919594413639372
2012-07-01,Carrier,143266112592.94,134153384839.81,1.06792767669643
2012-08-01,Carrier,136631268670.31,133311362702.037,1.02490339833742
2012-09-01,Carrier,140160489959.22,134685635603.817,1.0406491333011
2012-10-01,Carrier,148831246079.44,140019290407.49,1.06293386894267
2012-11-01,Carrier,142812721903.73,141874334902.99,1.00661421250984
2012-12-01,Carrier,153225429001.03,143934819314.13,1.06454733976929
2013-01-01,Carrier,170839571745.47,148289798994.733,1.15206556960494
2013-02-01,Carrier,141578756830.33,155625907550.077,0.909737710507958
2013-03-01,Carrier,158561733919.46,155214585858.943,1.02156464897931
2013-04-01,Carrier,160631571146.09,156993354165.087,1.02317433754029
2013-05-01,Carrier,166747662802.76,153590687298.627,1.08566258629048
2013-06-01,Carrier,156399817772.39,161980322622.77,0.965548254503874
2013-07-01,Carrier,134999620443.48,161259683907.08,0.837156672843713
2013-08-01,Carrier,131069455692.32,152715700339.543,0.858257896214366
2013-09-01,Carrier,113749626600.33,140822964636.063,0.807749125963223
2013-10-01,Carrier,121974210824.1,126606234245.377,0.963413938903677
2013-11-01,Carrier,112811886654.64,122264431038.917,0.922687699898036
2013-12-01,Carrier,120338560930.86,116178574693.023,1.03580682797003
2014-01-01,Carrier,127989551803.99,118374886136.533,1.0812221745782
2014-02-01,Carrier,124103289997.53,120379999796.497,1.03092947505672
2014-03-01,Carrier,133579503418.77,124143800910.793,1.07600623179531
2014-04-01,Carrier,134434322081.51,128557448406.763,1.04571398816311
2014-05-01,Carrier,146058628650.28,130705705165.937,1.11746177004938
2014-06-01,Carrier,140585325371.66,138024151383.52,1.01855598431483
2014-07-01,Carrier,144276499932.44,140359425367.817,1.02790745654849
2014-08-01,Carrier,127310165143.87,143640151318.127,0.886313220750584
2014-09-01,Carrier,125583932986.93,137390663482.657,0.914064535417161
2014-10-01,Carrier,146317494179.29,132390199354.413,1.10519883565998
2014-11-01,Carrier,145054748413.1,133070530770.03,1.09005914062055
2014-12-01,Carrier,159993924522.34,138985391859.773,1.15115640846459
2015-01-01,Carrier,153319172105.64,150455389038.243,1.01903410097639
2015-02-01,Carrier,126618037311.89,152789281680.36,0.828710207413495
2015-03-01,Carrier,140004039746.45,146643711313.29,0.954722425480251
2015-04-01,Carrier,125213030737.26,139980416387.993,0.894503916820754
2015-05-01,Carrier,131942212728.05,130611702598.533,1.01018676047434
2015-06-01,Carrier,121455452804.6,132386427737.253,0.917431302290685
2015-07-01,Carrier,137504224101.79,126203565423.303,1.08954310158023
2015-08-01,Carrier,140579427184.41,130300629878.147,1.07888524649402
2015-09-01,Carrier,154595719947.41,133179701363.6,1.16080542578588
2015-10-01,Carrier,162900376984.54,144226457077.87,1.12947638238515
2015-11-01,Carrier,155974034792.3,152691841372.12,1.02149553892785
2015-12-01,Carrier,149167101075,157823377241.417,0.94515212943913
2011-04-01,Cruiser,5013043335.67,4877902240.82667,1.02770475671124
2011-05-01,Cruiser,4882486968.80001,4953506437.25,0.985662788703385
2011-06-01,Cruiser,4525447724.87,5031260172.20334,0.899466052237202
2011-07-01,Cruiser,4760811334.7,4806992676.44667,0.990392882857311
2011-08-01,Cruiser,4774519265.19,4722915342.79,1.01092628570588
2011-09-01,Cruiser,4651823177.89,4686926108.25333,0.992510457909393
2011-10-01,Cruiser,4992116647.34,4729051259.26,1.05562751885273
2011-11-01,Cruiser,4915762763.18,4806153030.14,1.02280612630364
2011-12-01,Cruiser,5663788675.13001,4853234196.13667,1.16701326295742
2012-01-01,Cruiser,6067922439.69999,5190556028.55,1.16903129574638
2012-02-01,Cruiser,6125206467.86,5549157959.33666,1.10380827374973
2012-03-01,Cruiser,7318432407.75,5952305860.89667,1.22951215525197
2012-04-01,Cruiser,8825723734.58001,6503853771.77,1.35699910303766
2012-05-01,Cruiser,8667505160.82002,7423120870.06333,1.16763626950696
2012-06-01,Cruiser,8431658434.46002,8270553767.71667,1.01947930831091
2012-07-01,Cruiser,9221605924.55,8641629109.95335,1.06711429143941
2012-08-01,Cruiser,8750318950.32,8773589839.94335,0.997347620523882
2012-09-01,Cruiser,8491247478.26,8801194436.44334,0.964783534732521
2012-10-01,Cruiser,9049155381.96,8821057451.04334,1.02585834319554
2012-11-01,Cruiser,9448399852,8763573936.84667,1.0781445926158
2012-12-01,Cruiser,10287384444.2,8996267570.74,1.14351694892439
2013-01-01,Cruiser,9756957477.73999,9594979892.72,1.0168814929089
2013-02-01,Cruiser,8830227329.47999,9830913924.64666,0.898210216991332
2013-03-01,Cruiser,9450140216.09,9624856417.13999,0.981847396628291
2013-04-01,Cruiser,8945388282.79,9345775007.76999,0.957158531566712
2013-05-01,Cruiser,9096716786.70001,9075251942.78666,1.00236520639302
2013-06-01,Cruiser,9316317509.93001,9164081761.86,1.01661222062679
2013-07-01,Cruiser,9081098864.95998,9119474193.14001,0.995791936314827
2013-08-01,Cruiser,8687865430.08,9164711053.86333,0.947969377214318
2013-09-01,Cruiser,8136399235,9028427268.32333,0.901197849103458
2013-10-01,Cruiser,8330341562.4,8635121176.68,0.9647046511515
2013-11-01,Cruiser,8381766895.53,8384868742.49333,0.999630066127617
2013-12-01,Cruiser,8964198139.14001,8282835897.64333,1.08226195108979
2014-01-01,Cruiser,9328671658.63,8558768865.69001,1.08995485273897
2014-02-01,Cruiser,8804031672.94002,8891545564.43334,0.990157628855508
2014-03-01,Cruiser,9564522817.03001,9032300490.23668,1.05892433797665
2014-04-01,Cruiser,9757879771.05001,9232408716.20001,1.05691592205271
2014-05-01,Cruiser,11232975422.41,9375478087.00668,1.19812294564238
2014-06-01,Cruiser,11219386067.15,10185126003.4967,1.10154612356276
2014-07-01,Cruiser,10743415653.84,10736747086.87,1.00062109751827
2014-08-01,Cruiser,10540021632.39,11065259047.8,0.952532750192196
2014-09-01,Cruiser,11082910470.71,10834274451.1267,1.02294902355529
2014-10-01,Cruiser,11755043808.4,10788782585.6467,1.08956165490246
2014-11-01,Cruiser,10834086843.6,11125991970.5,0.973763676292955
2014-12-01,Cruiser,11919260407.96,11224013707.57,1.06194278789245
2015-01-01,Cruiser,11981009561.44,11502797019.9867,1.04157358776499
2015-02-01,Cruiser,10717258390.29,11578118937.6667,0.925647633090375
2015-03-01,Cruiser,11761454689.01,11539176119.8967,1.01926294969448
2015-04-01,Cruiser,10952579527.34,11486574213.58,0.953511405897795
2015-05-01,Cruiser,9586964529.85001,11143764202.2133,0.860298580971938
2015-06-01,Cruiser,9138669358.59,10766999582.0667,0.848766575027197
2015-07-01,Cruiser,9300960702.07999,9892737805.26001,0.9401806542507
2015-08-01,Cruiser,9482184906.68,9342198196.84,1.01498434382257
2015-09-01,Cruiser,9711399620.86999,9307271655.78333,1.0434206693468
2015-10-01,Cruiser,10686749746.22,9498181743.20999,1.12513637190188
2015-11-01,Cruiser,10146648160.35,9960111424.59,1.01872837840945
2015-12-01,Cruiser,10349814992.94,10181599175.8133,1.01652155169556
2011-04-01,Destroyer,81026521.86,78061189.0533333,1.03798728718622
2011-05-01,Destroyer,78771489.74,79424935.1666667,0.991772792444898
2011-06-01,Destroyer,72253194.6,80898923.8433333,0.89312924285524
2011-07-01,Destroyer,74863103.45,77350402.0666667,0.967843753229325
2011-08-01,Destroyer,75997663.46,75295929.2633333,1.00931968306298
2011-09-01,Destroyer,74587139.94,74371320.5033333,1.00290191750269
2011-10-01,Destroyer,79592334.29,75149302.2833333,1.05912273130514
2011-11-01,Destroyer,78176429.84,76725712.5633333,1.01890783712786
2011-12-01,Destroyer,90733598.34,77451968.0233333,1.17148215410957
2012-01-01,Destroyer,95381807.88,82834120.8233333,1.15147969136327
2012-02-01,Destroyer,97031858.7799999,88097278.6866666,1.10141720864172
2012-03-01,Destroyer,112198841.92,94382421.6666666,1.18876841618089
2012-04-01,Destroyer,132856763.05,101537502.86,1.30845017168861
2012-05-01,Destroyer,128731772.39,114029154.583333,1.12893735694517
2012-06-01,Destroyer,126858442.41,124595792.453333,1.01815992267567
2012-07-01,Destroyer,139858094.66,129482325.95,1.08013270254356
2012-08-01,Destroyer,133974831.63,131816103.153333,1.01637681910651
2012-09-01,Destroyer,130848468.56,133563789.566667,0.979670230865145
2012-10-01,Destroyer,135586109.79,134893798.283333,1.00513227083437
2012-11-01,Destroyer,140041592.09,133469803.326667,1.04923801938367
2012-12-01,Destroyer,313619871.71,135492056.813333,2.31467348777554
2013-01-01,Destroyer,314790985.15,196415857.863333,1.60267601900572
2013-02-01,Destroyer,285998751.26,256150816.316667,1.11652484802716
2013-03-01,Destroyer,304544185.24,304803202.706667,0.999150214091038
2013-04-01,Destroyer,286172492.51,301777973.883333,0.948288202838268
2013-05-01,Destroyer,295046862.59,292238476.336667,1.00960991272791
2013-06-01,Destroyer,275807576.89,295254513.446667,0.934135006677283
2013-07-01,Destroyer,266199500.39,285675643.996667,0.931824276882023
2013-08-01,Destroyer,253804062.12,279017979.956667,0.909633358249592
2013-09-01,Destroyer,242128312.74,265270379.8,0.912760455662454
2013-10-01,Destroyer,249800035.38,254043958.416667,0.983294532713484
2013-11-01,Destroyer,250775372.27,248577470.08,1.00884192034496
2013-12-01,Destroyer,260312984.24,247567906.796667,1.05148113747151
2014-01-01,Destroyer,273680960.98,253629463.963333,1.07905823204975
2014-02-01,Destroyer,255691040.86,261589772.496667,0.977450450067799
2014-03-01,Destroyer,277955718.53,263228328.693333,1.05594910665495
2014-04-01,Destroyer,275332265.78,269109240.123333,1.02312453356791
2014-05-01,Destroyer,292449667.18,269659675.056667,1.08451390486377
2014-06-01,Destroyer,331642718.2,281912550.496667,1.17640281575162
2014-07-01,Destroyer,378533021.2,299808217.053333,1.26258387752148
2014-08-01,Destroyer,373478426.06,334208468.86,1.11750138269671
2014-09-01,Destroyer,393404419.54,361218055.153334,1.08910508189576
2014-10-01,Destroyer,418207048.51,381805288.933334,1.09534116114097
2014-11-01,Destroyer,405802990.4,395029964.703334,1.02727141396668
2014-12-01,Destroyer,441233434.84,405804819.483333,1.08730457021623
2015-01-01,Destroyer,444386629.43,421747824.583334,1.05367853377556
2015-02-01,Destroyer,385349996.97,430474351.556667,0.895175277171591
2015-03-01,Destroyer,421921217.79,423656687.08,0.995903595191754
2015-04-01,Destroyer,378300993.03,417219281.396667,0.906719823119427
2015-05-01,Destroyer,266841103.22,395190735.93,0.675221048874145
2015-06-01,Destroyer,253467480.91,355687771.346667,0.712612300249595
2015-07-01,Destroyer,258705565.65,299536525.72,0.863686206642566
2015-08-01,Destroyer,266646193.55,259671383.26,1.02686014223992
2015-09-01,Destroyer,276383115.44,259606413.37,1.06462360406362
2015-10-01,Destroyer,309469370.4,267244958.213333,1.15799891032167
2015-11-01,Destroyer,290980741.13,284166226.463333,1.02398073392281
2015-12-01,Destroyer,295944576.15,292277742.323333,1.01254571695237
2011-04-01,Dreadnought,89505614455.81,88896032473.9033,1.00685724621159
2011-05-01,Dreadnought,90859852283.41,88864576792.47,1.02245299041484
2011-06-01,Dreadnought,75283147545.48,90004580171.5933,0.836436850235321
2011-07-01,Dreadnought,66893196501.54,85216204761.5667,0.784982113304693
2011-08-01,Dreadnought,70636041864.39,77678732110.1434,0.909335669436941
2011-09-01,Dreadnought,113597800724.45,70937461970.47,1.60137954712474
2011-10-01,Dreadnought,63201525757.15,83709013030.1267,0.755014585280129
2011-11-01,Dreadnought,71393335184.81,82478456115.33,0.865599800813201
2011-12-01,Dreadnought,105481615331.04,82730887222.1367,1.27499678624039
2012-01-01,Dreadnought,149295250949.52,80025492091,1.86559616252969
2012-02-01,Dreadnought,155823385535.64,108723400488.457,1.43320927082467
2012-03-01,Dreadnought,153244713966.01,136866750605.4,1.11966356538871
2012-04-01,Dreadnought,180126413915.41,152787783483.723,1.17893204422721
2012-05-01,Dreadnought,178368647315.66,163064837805.687,1.09385107001554
2012-06-01,Dreadnought,120213645230.06,170579925065.693,0.704735010193982
2012-07-01,Dreadnought,146697335824.33,159569568820.377,0.91933152986998
2012-08-01,Dreadnought,178276988032.49,148426542790.017,1.20111258189651
2012-09-01,Dreadnought,193391465926.22,148395989695.627,1.30321221161625
2012-10-01,Dreadnought,207661925480.35,172788596594.347,1.20182656479279
2012-11-01,Dreadnought,216211631669.76,193110126479.687,1.11962865754999
2012-12-01,Dreadnought,235243697129.81,205755007692.11,1.14331942521577
2013-01-01,Dreadnought,212899821237.53,219705751426.64,0.969022521509262
2013-02-01,Dreadnought,186364429647.8,221451716679.033,0.841557845848231
2013-03-01,Dreadnought,216422215430.58,211502649338.38,1.02326006840855
2013-04-01,Dreadnought,175075316842.98,205228822105.303,0.853073730322091
2013-05-01,Dreadnought,240361216168.73,192620653973.787,1.24784757610386
2013-06-01,Dreadnought,219925085549.72,210619582814.097,1.04418156474955
2013-07-01,Dreadnought,166604651810.86,211787206187.143,0.786660605285297
2013-08-01,Dreadnought,188483086643.88,208963651176.437,0.901989822549262
2013-09-01,Dreadnought,164887066378.05,191670941334.82,0.860261160245555
2013-10-01,Dreadnought,177443598474.83,173324934944.263,1.02376267172344
2013-11-01,Dreadnought,177669064247.88,176937917165.587,1.00413222385572
2013-12-01,Dreadnought,207365699602.55,173333243033.587,1.1963411978761
2014-01-01,Dreadnought,237304005876.64,187492787441.753,1.26567005117656
2014-02-01,Dreadnought,201796513782.47,207446256575.69,0.972765269971701
2014-03-01,Dreadnought,198847743093.22,215488739753.887,0.922775562752501
2014-04-01,Dreadnought,195240954674.36,212649420917.443,0.91813536962397
2014-05-01,Dreadnought,223660149369.67,198628403850.017,1.12602299084352
2014-06-01,Dreadnought,194451895117.13,205916282379.083,0.944325008544745
2014-07-01,Dreadnought,212117334303.79,204450999720.387,1.03749717337596
2014-08-01,Dreadnought,192855542476.37,210076459596.863,0.918025479134882
2014-09-01,Dreadnought,207944627199.55,199808257299.097,1.04072088916863
2014-10-01,Dreadnought,196597015831.12,204305834659.903,0.962268239467484
2014-11-01,Dreadnought,215216273535.52,199132395169.013,1.08076977305905
2014-12-01,Dreadnought,233984409598.94,206585972188.73,1.13262486857133
2015-01-01,Dreadnought,230302452378.54,215265899655.193,1.06985106673854
2015-02-01,Dreadnought,218010860858.98,226501045171,0.962515915519903
2015-03-01,Dreadnought,236125533704.23,227432574278.82,1.0382221388162
2015-04-01,Dreadnought,226772583700.16,228146282313.917,0.9939788691719
2015-05-01,Dreadnought,245654787632,226969659421.123,1.08232434352033
2015-06-01,Dreadnought,237081430288.27,236184301678.797,1.00379842607276
2015-07-01,Dreadnought,236907733095.72,236502933873.477,1.00171160338527
2015-08-01,Dreadnought,265226500024.52,239881317005.33,1.10565717803953
2015-09-01,Dreadnought,262782494662.33,246405221136.17,1.06646479912497
2015-10-01,Dreadnought,272394182560.9,254972242594.19,1.06832877096523
2015-11-01,Dreadnought,278088916623.98,266801059082.583,1.04230814367908
2015-12-01,Dreadnought,271474990792.72,271088531282.403,1.00142558413847
2011-04-01,Frigate,245401017.91,233325490.233333,1.05175400109346
2011-05-01,Frigate,242795865.3,239264466.05,1.01475939703166
2011-06-01,Frigate,220273080.33,245932660.033333,0.895664204584069
2011-07-01,Frigate,230569508.03,236156654.513333,0.976341354873751
2011-08-01,Frigate,235254596.31,231212817.886667,1.01748077143939
2011-09-01,Frigate,231237494.81,228699061.556667,1.01109944761494
2011-10-01,Frigate,248749404.75,232353866.383333,1.07056279554056
2011-11-01,Frigate,243344584.45,238413831.956667,1.02068148669424
2011-12-01,Frigate,295356609.65,241110494.67,1.22498446222444
2012-01-01,Frigate,313775612.77,262483532.95,1.19541065774123
2012-02-01,Frigate,322415072.22,284158935.623334,1.13462936336226
2012-03-01,Frigate,367437573.3,310515764.88,1.18331374718446
2012-04-01,Frigate,412089646.22,334542752.763334,1.23179965136332
2012-05-01,Frigate,412944337.08,367314097.246667,1.12422675899284
2012-06-01,Frigate,431785041.26,397490518.866667,1.08627758591856
2012-07-01,Frigate,485561610.179999,418939674.853334,1.15902512778239
2012-08-01,Frigate,468644191.1,443430329.506667,1.05686093150503
2012-09-01,Frigate,460387425.85,461996947.513333,0.996516163857799
2012-10-01,Frigate,469514938.3,471531075.71,0.995724274573071
2012-11-01,Frigate,479536999.02,466182185.083333,1.02864719923667
2012-12-01,Frigate,527725645.57,469813121.056666,1.12326715010232
2013-01-01,Frigate,506507303.300001,492259194.296666,1.02894432276413
2013-02-01,Frigate,459294558.110001,504589982.63,0.910233207001232
2013-03-01,Frigate,488023517.779999,497842502.326667,0.980276925933847
2013-04-01,Frigate,454744223.32,484608459.73,0.938374504591524
2013-05-01,Frigate,463038700.91,467354099.736667,0.990766318666942
2013-06-01,Frigate,433591421.11,468602147.336667,0.925286884779226
2013-07-01,Frigate,417086303.210001,450458115.113334,0.925915838157479
2013-08-01,Frigate,399544241.989999,437905475.076667,0.912398370721553
2013-09-01,Frigate,381799549.16,416740655.436666,0.916156233329204
2013-10-01,Frigate,395777210.960001,399476698.12,0.990739166571144
2013-11-01,Frigate,403701461.059999,392373667.37,1.02886991312625
2013-12-01,Frigate,425944492.48,393759407.06,1.08173794668249
2014-01-01,Frigate,453203878.34,408474388.166667,1.10950378155676
2014-02-01,Frigate,423961527.299999,427616610.626667,0.991452429031438
2014-03-01,Frigate,888369098.540001,434369966.04,2.04518997167082
2014-04-01,Frigate,941912224.39,588511501.393333,1.6004992632429
2014-05-01,Frigate,1005487298.63,751414283.41,1.33812641152759
2014-06-01,Frigate,1018753930.44,945256207.186667,1.07775428787935
2014-07-01,Frigate,1063940610.94,988717817.82,1.07608115456628
2014-08-01,Frigate,960580945.31,1029393946.67,0.933151927323252
2014-09-01,Frigate,1007459375.85,1014425162.23,0.993133267352431
2014-10-01,Frigate,1062663654.18,1010660310.7,1.05145481912116
2014-11-01,Frigate,990604387.21,1010234658.44667,0.98056860248009
2014-12-01,Frigate,1054637631.94,1020242472.41333,1.03371273050935
2015-01-01,Frigate,1040714202.09,1035968557.77667,1.00458087678213
2015-02-01,Frigate,952538202.29,1028652073.74667,0.926006204236349
2015-03-01,Frigate,1066830919.55,1015963345.44,1.0500683162816
2015-04-01,Frigate,962698754.6,1020027774.64333,0.943796608809618
2015-05-01,Frigate,444643991.379999,994022625.48,0.447317777264161
2015-06-01,Frigate,418766431.58,824724555.176667,0.507765203486993
2015-07-01,Frigate,426233660.77,608703059.186666,0.700232493228344
2015-08-01,Frigate,445390039.46,429881361.243333,1.03607664722148
2015-09-01,Frigate,468603960.16,430130043.936667,1.08944717246721
2015-10-01,Frigate,528816577.36,446742553.463333,1.18371660201249
2015-11-01,Frigate,496606081.940001,480936858.993333,1.03258062395023
2015-12-01,Frigate,506964388.24,498008873.153334,1.01798264161432
2011-04-01,Supercarrier,209437821866.03,212070372011.937,0.987586431235389
2011-05-01,Supercarrier,207329989081.05,241893426375.457,0.85711295336832
2011-06-01,Supercarrier,156907839416.29,239099956544.387,0.656243696920796
2011-07-01,Supercarrier,215547968147.27,191225216787.79,1.12719426740916
2011-08-01,Supercarrier,85784148874.39,193261932214.87,0.44387504508138
2011-09-01,Supercarrier,242293014980.53,152746652145.983,1.58624108336571
2011-10-01,Supercarrier,169233952725.6,181208377334.063,0.933919034072094
2011-11-01,Supercarrier,177452356221.54,165770372193.507,1.07047088013048
2011-12-01,Supercarrier,159019749113.97,196326441309.223,0.809976221509086
2012-01-01,Supercarrier,220444508316.55,168568686020.37,1.30774293565954
2012-02-01,Supercarrier,261895815010.75,185638871217.353,1.41078112193492
2012-03-01,Supercarrier,169426574475.35,213786690813.757,0.792502909467589
2012-04-01,Supercarrier,304866713486.16,217255632600.883,1.40326264427043
2012-05-01,Supercarrier,141474597498.36,245396367657.42,0.576514635684675
2012-06-01,Supercarrier,151227011879.09,205255961819.957,0.736772810583407
2012-07-01,Supercarrier,93188531322.04,199189440954.537,0.467838711105723
2012-08-01,Supercarrier,101703311418.21,128630046899.83,0.790665275100233
2012-09-01,Supercarrier,153811448385.35,115372951539.78,1.33316731809809
2012-10-01,Supercarrier,176720372497.06,116234430375.2,1.52037887505977
2012-11-01,Supercarrier,194947738701.42,144078377433.54,1.3530672830581
2012-12-01,Supercarrier,158599131214.26,175159853194.61,0.905453666018147
2013-01-01,Supercarrier,517506820938.1,176755747470.913,2.92780760084342
2013-02-01,Supercarrier,134221625018.79,290351230284.593,0.462273312523009
2013-03-01,Supercarrier,186983956673.17,270109192390.383,0.692253214407179
2013-04-01,Supercarrier,169247116065.01,279570800876.687,0.605381948094292
2013-05-01,Supercarrier,238799389899.42,163484232585.657,1.46068759122873
2013-06-01,Supercarrier,187462461938.01,198343487545.867,0.945140494691864
2013-07-01,Supercarrier,204681565703.62,198502989300.813,1.03112586074683
2013-08-01,Supercarrier,119966219293.64,210314472513.683,0.570413523424237
2013-09-01,Supercarrier,126960308414.05,170703415645.09,0.743747908817558
2013-10-01,Supercarrier,187579887104.66,150536031137.103,1.24607966403617
2013-11-01,Supercarrier,139575466859.51,144835471604.117,0.963682896970267
2013-12-01,Supercarrier,183766096097.99,151371887459.407,1.2140041270693
2014-01-01,Supercarrier,251075406870.17,170307150020.72,1.47425053404759
2014-02-01,Supercarrier,201513736105.27,191472323275.89,1.05244315553069
2014-03-01,Supercarrier,177016552105.24,212118413024.477,0.83451761486078
2014-04-01,Supercarrier,141571691764.02,209868565026.893,0.674573115539617
2014-05-01,Supercarrier,294537891603.42,173367326658.177,1.69892388191549
2014-06-01,Supercarrier,151398124176.46,204375378490.893,0.74078455680123
2014-07-01,Supercarrier,180076228733.83,195835902514.633,0.919526125810226
2014-08-01,Supercarrier,115808507400.19,208670748171.237,0.55498199155905
2014-09-01,Supercarrier,80967307396.17,149094286770.16,0.543061100127781
2014-10-01,Supercarrier,336026736886.86,125617347843.397,2.67500263821661
2014-11-01,Supercarrier,260126971750.48,177600850561.073,1.46467188039185
2014-12-01,Supercarrier,301787940023.53,225707005344.503,1.33707830451652
2015-01-01,Supercarrier,178971618995.82,299313882886.957,0.597939585259442
2015-02-01,Supercarrier,203436695592.79,246962176923.277,0.823756488249581
2015-03-01,Supercarrier,295779470619.23,228065418204.047,1.29690626903637
2015-04-01,Supercarrier,352055036250.75,226062595069.28,1.55733431328105
2015-05-01,Supercarrier,483980632251.25,283757067487.59,1.70561613332298
2015-06-01,Supercarrier,267521156839.28,377271713040.41,0.709094129224116
2015-07-01,Supercarrier,324402656555.25,367852275113.76,0.881882969066664
2015-08-01,Supercarrier,239439028905.35,358634815215.26,0.667640225508039
2015-09-01,Supercarrier,270686545894.86,277120947433.293,0.976781251659144
2015-10-01,Supercarrier,305775046534.36,278176077118.487,1.09921402912055
2015-11-01,Supercarrier,188790526035.84,271966873778.19,0.69416735727092
2015-12-01,Supercarrier,438930689936.65,255084039488.353,1.72072972819882
2011-04-01,Titan,242216285160.96,354150574231.5,0.68393588147235
2011-05-01,Titan,93550690948.07,330897223200.283,0.282718271381341
2011-06-01,Titan,368181807369.94,292573686309.627,1.25842420080218
2011-07-01,Titan,84989678976.49,234649594492.99,0.362198277649395
2011-08-01,Titan,130508592039.04,182240725764.833,0.716132969133642
2011-09-01,Titan,124232425062.83,194560026128.49,0.638530059513794
2011-10-01,Titan,206869786987.67,113243565359.453,1.82676857913323
2011-11-01,Titan,99334707351.56,153870268029.847,0.645574409035875
2011-12-01,Titan,95292376819.23,143478973134.02,0.664155692905746
2012-01-01,Titan,189371320368.17,133832290386.153,1.41498975936052
2012-02-01,Titan,231490538193.71,127999468179.653,1.80852734379179
2012-03-01,Titan,410418990374.15,172051411793.703,2.38544389781735
2012-04-01,Titan,219154975776.23,277093616312.01,0.790905899215879
2012-05-01,Titan,152324077964.76,287021501448.03,0.53070615684289
2012-06-01,Titan,71584825758.41,260632681371.713,0.274657903151892
2012-08-01,Titan,153116477603.22,147687959833.133,1.03675667113433
2012-09-01,Titan,82804845595.29,125675127108.797,0.658880141999825
2012-10-01,Titan,472727764390.29,102502049652.307,4.61188596709834
2012-11-01,Titan,83793200279.4,236216362529.6,0.354730719676119
2012-12-01,Titan,434874296031.04,213108603421.66,2.04062289860063
2013-01-01,Titan,297913792110.49,330465086900.243,0.901498536214267
2013-02-01,Titan,83453014355.23,272193762806.977,0.306594146370686
2013-03-01,Titan,73977908941.35,272080367498.92,0.271897269256826
2013-04-01,Titan,237992238082.42,151781571802.357,1.56799165574806
2013-05-01,Titan,321442704265.9,131807720459.667,2.43872440206765
2013-06-01,Titan,316054402632.67,211137617096.557,1.49691185767306
2013-07-01,Titan,227941684296.51,291829781660.33,0.781077527453379
2013-09-01,Titan,205285606608.79,288479597065.027,0.71161222040433
2013-10-01,Titan,124032307485.21,249760564512.657,0.496604849237217
2013-11-01,Titan,183293329454.46,185753199463.503,0.986757320917497
2013-12-01,Titan,186521958502.63,170870414516.153,1.0915989115541
2014-01-01,Titan,538432318776.81,164615865147.433,3.2708409866484
2014-02-01,Titan,227106992896.54,302749202244.633,0.750148939163938
2014-03-01,Titan,280913982729.2,317353756725.327,0.885176169420091
2014-04-01,Titan,225416690768.41,348817764800.85,0.646230535010471
2014-05-01,Titan,138737572705.54,244479222131.383,0.567482060422224
2014-06-01,Titan,286354716999.31,215022748734.383,1.33174149565469
2014-07-01,Titan,158758041841.7,216836326824.42,0.732156111324704
2014-08-01,Titan,334768123690.95,194616777182.183,1.72014010579144
2014-09-01,Titan,290298085975.52,259960294177.32,1.1167016366642
2014-10-01,Titan,449466309455.4,261274750502.723,1.72028222624105
2014-11-01,Titan,326128297758.49,358177506373.957,0.910521436871009
2014-12-01,Titan,290945194466.89,355297564396.47,0.81887753708953
2015-01-01,Titan,417441886446.85,355513267226.927,1.17419495959456
2015-02-01,Titan,184786262937.04,344838459557.41,0.535863265292995
2015-03-01,Titan,403411265369.42,297724447950.26,1.35498199139097
2015-04-01,Titan,408447584309.04,335213138251.103,1.21847128796926
2015-05-01,Titan,614576357252.69,332215037538.5,1.84993539668254
2015-06-01,Titan,197412038315.77,475478402310.383,0.415186131181839
2015-07-01,Titan,329741923241.59,406811993292.5,0.810551135852339
2015-08-01,Titan,451914744480.06,380576772936.683,1.18744699260784
2015-09-01,Titan,881069846736.12,326356235345.807,2.69971813408909
2015-10-01,Titan,562532374836.05,554242171485.923,1.01495772746397
2015-11-01,Titan,1010297697580.77,631838988684.077,1.59897966993918
2015-12-01,Titan,331272759279.89,817966639717.647,0.404995440149297
